ID,x,y
id_e7032b10,-0.01685783533634053,-0.015342919107514228
id_ae7cb51e,-0.01685783533634053,-0.015342919107514228
id_e59f7730,-0.01685783533634053,-0.015342919107514228
id_b9011c86,-0.01685783533634053,-0.015342919107514228
id_caaeb9f8,-0.01685783533634053,-0.015342919107514228
id_1a26de64,-0.01685783533634053,-0.015342919107514228
id_0539f8b8,-0.01685783533634053,-0.015342919107514228
id_f3b60fee,-0.01685783533634053,-0.015342919107514228
id_4db5e390,-0.01685783533634053,-0.015342919107514228
id_a6c36cf9,-0.01685783533634053,-0.015342919107514228
id_5f922b8a,-0.01685783533634053,-0.015342919107514228
id_f55338a5,-0.01685783533634053,-0.015342919107514228
id_9f1c2d98,-0.01685783533634053,-0.015342919107514228
id_7114723e,-0.01685783533634053,-0.015342919107514228
id_25bd65a0,-0.01685783533634053,-0.015342919107514228
id_5fc503a0,-0.01685783533634053,-0.015342919107514228
id_314de39c,-0.01685783533634053,-0.015342919107514228
id_c5d9bf80,-0.01685783533634053,-0.015342919107514228
id_829a0f7c,-0.01685783533634053,-0.015342919107514228
id_324e3f1b,-0.01685783533634053,-0.015342919107514228
id_36c6556f,-0.01685783533634053,-0.015342919107514228
id_10c4d11e,-0.01685783533634053,-0.015342919107514228
id_e464e7e3,-0.01685783533634053,-0.015342919107514228
id_22e726dc,-0.01685783533634053,-0.015342919107514228
id_cb45143f,-0.01685783533634053,-0.015342919107514228
id_ad5f755f,-0.01685783533634053,-0.015342919107514228
id_987f9119,-0.01685783533634053,-0.015342919107514228
id_9c346689,-0.01685783533634053,-0.015342919107514228
id_2a0cf0a9,-0.01685783533634053,-0.015342919107514228
id_1cb10fe2,-0.01685783533634053,-0.015342919107514228
id_6197f065,-0.01685783533634053,-0.015342919107514228
id_71281ae6,-0.01685783533634053,-0.015342919107514228
id_ff40984d,-0.01685783533634053,-0.015342919107514228
id_7c9568d7,-0.01685783533634053,-0.015342919107514228
id_0c4cd836,-0.01685783533634053,-0.015342919107514228
id_762e7ef4,-0.01685783533634053,-0.015342919107514228
id_dfc5a6dd,-0.01685783533634053,-0.015342919107514228
id_00488cc1,-0.01685783533634053,-0.015342919107514228
id_59e7d68d,-0.01685783533634053,-0.015342919107514228
id_d81c8404,-0.01685783533634053,-0.015342919107514228
id_539ea6af,-0.01685783533634053,-0.015342919107514228
id_c6461e86,-0.01685783533634053,-0.015342919107514228
id_23f19360,-0.01685783533634053,-0.015342919107514228
id_cb9061ce,-0.01685783533634053,-0.015342919107514228
id_c7ac264c,-0.01685783533634053,-0.015342919107514228
id_9e17c7ab,-0.01685783533634053,-0.015342919107514228
id_9258a7ea,-0.01685783533634053,-0.015342919107514228
id_a8921c48,-0.01685783533634053,-0.015342919107514228
id_bb742daa,-0.01685783533634053,-0.015342919107514228
id_dbcfabf8,-0.01685783533634053,-0.015342919107514228
id_2c79f1f2,-0.01685783533634053,-0.015342919107514228
id_4ffd84d5,-0.01685783533634053,-0.015342919107514228
id_1f995820,-0.01685783533634053,-0.015342919107514228
id_cbdd6f62,-0.01685783533634053,-0.015342919107514228
id_99a4177a,-0.01685783533634053,-0.015342919107514228
id_2db5e215,-0.01685783533634053,-0.015342919107514228
id_f03a0394,-0.01685783533634053,-0.015342919107514228
id_f2c9d4df,-0.01685783533634053,-0.015342919107514228
id_b662bada,-0.01685783533634053,-0.015342919107514228
id_83dbc51f,-0.01685783533634053,-0.015342919107514228
id_39ac8f57,-0.01685783533634053,-0.015342919107514228
id_f945f95f,-0.01685783533634053,-0.015342919107514228
id_900fc37c,-0.01685783533634053,-0.015342919107514228
id_132cde14,-0.01685783533634053,-0.015342919107514228
id_914c1f3e,-0.01685783533634053,-0.015342919107514228
id_48056319,-0.01685783533634053,-0.015342919107514228
id_1327c966,-0.01685783533634053,-0.015342919107514228
id_bbf3f131,-0.01685783533634053,-0.015342919107514228
id_09bde4f4,-0.01685783533634053,-0.015342919107514228
id_20d4aae7,-0.01685783533634053,-0.015342919107514228
id_98e37892,-0.01685783533634053,-0.015342919107514228
id_8e866297,-0.01685783533634053,-0.015342919107514228
id_8a67d56e,-0.01685783533634053,-0.015342919107514228
id_a633e184,-0.01685783533634053,-0.015342919107514228
id_ae970ba3,-0.01685783533634053,-0.015342919107514228
id_7ed6019c,-0.01685783533634053,-0.015342919107514228
id_3c5f662d,-0.01685783533634053,-0.015342919107514228
id_04050510,-0.01685783533634053,-0.015342919107514228
id_999f040a,-0.01685783533634053,-0.015342919107514228
id_98d41860,-0.01685783533634053,-0.015342919107514228
id_f3397121,-0.01685783533634053,-0.015342919107514228
id_42246be4,-0.01685783533634053,-0.015342919107514228
id_ca0de78d,-0.01685783533634053,-0.015342919107514228
id_dfd0c0af,-0.01685783533634053,-0.015342919107514228
id_f7c1d1d4,-0.01685783533634053,-0.015342919107514228
id_24bc0b1d,-0.01685783533634053,-0.015342919107514228
id_5500fc40,-0.01685783533634053,-0.015342919107514228
id_adbf7fc5,-0.01685783533634053,-0.015342919107514228
id_17da9d6c,-0.01685783533634053,-0.015342919107514228
id_96d528d1,-0.01685783533634053,-0.015342919107514228
id_e107d526,-0.01685783533634053,-0.015342919107514228
id_1f5fb811,-0.01685783533634053,-0.015342919107514228
id_a6d0b079,-0.01685783533634053,-0.015342919107514228
id_770d0c8c,-0.01685783533634053,-0.015342919107514228
id_1273e845,-0.01685783533634053,-0.015342919107514228
id_6c5fa757,-0.01685783533634053,-0.015342919107514228
id_5c6fdb02,-0.01685783533634053,-0.015342919107514228
id_b952541a,-0.01685783533634053,-0.015342919107514228
id_6c0838c8,-0.01685783533634053,-0.015342919107514228
id_facaf0cf,-0.01685783533634053,-0.015342919107514228
id_1d286d45,-0.01685783533634053,-0.015342919107514228
id_667edd87,-0.01685783533634053,-0.015342919107514228
id_90ccd366,-0.01685783533634053,-0.015342919107514228
id_f2d3d073,-0.01685783533634053,-0.015342919107514228
id_f33276ca,-0.01685783533634053,-0.015342919107514228
id_f2c259d5,-0.01685783533634053,-0.015342919107514228
id_c8d4df25,-0.01685783533634053,-0.015342919107514228
id_50be481c,-0.01685783533634053,-0.015342919107514228
id_2f9538d0,-0.01685783533634053,-0.015342919107514228
id_f24efcf7,-0.01685783533634053,-0.015342919107514228
id_c2460c6b,-0.01685783533634053,-0.015342919107514228
id_5b23c310,-0.01685783533634053,-0.015342919107514228
id_7cea1266,-0.01685783533634053,-0.015342919107514228
id_95a2c557,-0.01685783533634053,-0.015342919107514228
id_f2eb8671,-0.01685783533634053,-0.015342919107514228
id_df0aa6b1,-0.01685783533634053,-0.015342919107514228
id_8c3d6a63,-0.01685783533634053,-0.015342919107514228
id_f823ff6d,-0.01685783533634053,-0.015342919107514228
id_b30913ed,-0.01685783533634053,-0.015342919107514228
id_d7967645,-0.01685783533634053,-0.015342919107514228
id_beeca35f,-0.01685783533634053,-0.015342919107514228
id_eae7ab85,-0.01685783533634053,-0.015342919107514228
id_53d8b8b3,-0.01685783533634053,-0.015342919107514228
id_573396be,-0.01685783533634053,-0.015342919107514228
id_46fca430,-0.01685783533634053,-0.015342919107514228
id_57e14a27,-0.01685783533634053,-0.015342919107514228
id_f4461bcd,-0.01685783533634053,-0.015342919107514228
id_ed8b9b3f,-0.01685783533634053,-0.015342919107514228
id_40edfc29,-0.01685783533634053,-0.015342919107514228
id_70e5e5ef,-0.01685783533634053,-0.015342919107514228
id_04fed1ca,-0.01685783533634053,-0.015342919107514228
id_d1aa2436,-0.01685783533634053,-0.015342919107514228
id_6057c9a9,-0.01685783533634053,-0.015342919107514228
id_541deb39,-0.01685783533634053,-0.015342919107514228
id_8da7d7b3,-0.01685783533634053,-0.015342919107514228
id_2f15da8b,-0.01685783533634053,-0.015342919107514228
id_4941f7c7,-0.01685783533634053,-0.015342919107514228
id_1b7d092b,-0.01685783533634053,-0.015342919107514228
id_810920f5,-0.01685783533634053,-0.015342919107514228
id_37466c0a,-0.01685783533634053,-0.015342919107514228
id_e492dad8,-0.01685783533634053,-0.015342919107514228
id_8d9e2c2a,-0.01685783533634053,-0.015342919107514228
id_36d58173,-0.01685783533634053,-0.015342919107514228
id_a1c4fadd,-0.01685783533634053,-0.015342919107514228
id_96f2212e,-0.01685783533634053,-0.015342919107514228
id_a7fc2a97,-0.01685783533634053,-0.015342919107514228
id_feb1a3c7,-0.01685783533634053,-0.015342919107514228
id_2905837a,-0.01685783533634053,-0.015342919107514228
id_10c00a39,-0.01685783533634053,-0.015342919107514228
id_26a1f3c2,-0.01685783533634053,-0.015342919107514228
id_5d304df9,-0.01685783533634053,-0.015342919107514228
id_2af47256,-0.01685783533634053,-0.015342919107514228
id_917b7ade,-0.01685783533634053,-0.015342919107514228
id_f9c232d1,-0.01685783533634053,-0.015342919107514228
id_8b119907,-0.01685783533634053,-0.015342919107514228
id_f61b50e9,-0.01685783533634053,-0.015342919107514228
id_f642f888,-0.01685783533634053,-0.015342919107514228
id_4c265ff6,-0.01685783533634053,-0.015342919107514228
id_e35e2e39,-0.01685783533634053,-0.015342919107514228
id_c645f3b7,-0.01685783533634053,-0.015342919107514228
id_952e6898,-0.01685783533634053,-0.015342919107514228
id_8aab1e94,-0.01685783533634053,-0.015342919107514228
id_ae80d589,-0.01685783533634053,-0.015342919107514228
id_99426565,-0.01685783533634053,-0.015342919107514228
id_43da022d,-0.01685783533634053,-0.015342919107514228
id_194cd9cf,-0.01685783533634053,-0.015342919107514228
id_c8584ea1,-0.01685783533634053,-0.015342919107514228
id_7dfcda0f,-0.01685783533634053,-0.015342919107514228
id_dcfc8f15,-0.01685783533634053,-0.015342919107514228
id_142ce286,-0.01685783533634053,-0.015342919107514228
id_d1a8b639,-0.01685783533634053,-0.015342919107514228
id_63d2c11b,-0.01685783533634053,-0.015342919107514228
id_97ebff9f,-0.01685783533634053,-0.015342919107514228
id_e4ac4cbc,-0.01685783533634053,-0.015342919107514228
id_e101e60c,-0.01685783533634053,-0.015342919107514228
id_5f3ea99f,-0.01685783533634053,-0.015342919107514228
id_0eb964ae,-0.01685783533634053,-0.015342919107514228
id_f316f370,-0.01685783533634053,-0.015342919107514228
id_d7259aee,-0.01685783533634053,-0.015342919107514228
id_94f25b7c,-0.01685783533634053,-0.015342919107514228
id_5f04c815,-0.01685783533634053,-0.015342919107514228
id_c3aab183,-0.01685783533634053,-0.015342919107514228
id_fe6cfc68,-0.01685783533634053,-0.015342919107514228
id_23c9e3ed,-0.01685783533634053,-0.015342919107514228
id_5ac1d696,-0.01685783533634053,-0.015342919107514228
id_af560b8c,-0.01685783533634053,-0.015342919107514228
id_8103c367,-0.01685783533634053,-0.015342919107514228
id_af07961c,-0.01685783533634053,-0.015342919107514228
id_b17d8b59,-0.01685783533634053,-0.015342919107514228
id_8500e257,-0.01685783533634053,-0.015342919107514228
id_f4d711dc,-0.01685783533634053,-0.015342919107514228
id_7661c36d,-0.01685783533634053,-0.015342919107514228
id_72589d29,-0.01685783533634053,-0.015342919107514228
id_256ecbcb,-0.01685783533634053,-0.015342919107514228
id_17bc5fc1,-0.01685783533634053,-0.015342919107514228
id_51580249,-0.01685783533634053,-0.015342919107514228
id_1bb766eb,-0.01685783533634053,-0.015342919107514228
id_dca4dd03,-0.01685783533634053,-0.015342919107514228
id_9fb3fd9a,-0.01685783533634053,-0.015342919107514228
id_14a66d21,-0.01685783533634053,-0.015342919107514228
id_5ac1a823,-0.01685783533634053,-0.015342919107514228
id_683b39bd,-0.01685783533634053,-0.015342919107514228
id_07f17660,-0.01685783533634053,-0.015342919107514228
id_ab844a0d,-0.01685783533634053,-0.015342919107514228
id_4b78cd2f,-0.01685783533634053,-0.015342919107514228
id_5d6a0ccc,-0.01685783533634053,-0.015342919107514228
id_632c695a,-0.01685783533634053,-0.015342919107514228
id_be738044,-0.01685783533634053,-0.015342919107514228
id_2b3e4c0a,-0.01685783533634053,-0.015342919107514228
id_bde7aa88,-0.01685783533634053,-0.015342919107514228
id_081c279d,-0.01685783533634053,-0.015342919107514228
id_1042c5d7,-0.01685783533634053,-0.015342919107514228
id_571cc60b,-0.01685783533634053,-0.015342919107514228
id_442e676e,-0.01685783533634053,-0.015342919107514228
id_0102a91b,-0.01685783533634053,-0.015342919107514228
id_a2027d42,-0.01685783533634053,-0.015342919107514228
id_ed369a9d,-0.01685783533634053,-0.015342919107514228
id_8053af3b,-0.01685783533634053,-0.015342919107514228
id_576edc40,-0.01685783533634053,-0.015342919107514228
id_d549ab1d,-0.01685783533634053,-0.015342919107514228
id_c7cdb84e,-0.01685783533634053,-0.015342919107514228
id_5ad21058,-0.01685783533634053,-0.015342919107514228
id_224fb509,-0.01685783533634053,-0.015342919107514228
id_bad3522f,-0.01685783533634053,-0.015342919107514228
id_bd6697a3,-0.01685783533634053,-0.015342919107514228
id_8db90046,-0.01685783533634053,-0.015342919107514228
id_a9321ced,-0.01685783533634053,-0.015342919107514228
id_c5c928fb,-0.01685783533634053,-0.015342919107514228
id_90937a03,-0.01685783533634053,-0.015342919107514228
id_5833b347,-0.01685783533634053,-0.015342919107514228
id_8c9a969a,-0.01685783533634053,-0.015342919107514228
id_bd209e52,-0.01685783533634053,-0.015342919107514228
id_b60e5fe9,-0.01685783533634053,-0.015342919107514228
id_db305377,-0.01685783533634053,-0.015342919107514228
id_6e020086,-0.01685783533634053,-0.015342919107514228
id_28ee0ef5,-0.01685783533634053,-0.015342919107514228
id_ecdf5e3c,-0.01685783533634053,-0.015342919107514228
id_55f6c024,-0.01685783533634053,-0.015342919107514228
id_c0f826ad,-0.01685783533634053,-0.015342919107514228
id_da0c5f60,-0.01685783533634053,-0.015342919107514228
id_252e7b5b,-0.01685783533634053,-0.015342919107514228
id_6b37903c,-0.01685783533634053,-0.015342919107514228
id_54c052c8,-0.01685783533634053,-0.015342919107514228
id_bf3bfb6d,-0.01685783533634053,-0.015342919107514228
id_3bac610b,-0.01685783533634053,-0.015342919107514228
id_8f2b39c5,-0.01685783533634053,-0.015342919107514228
id_f7c25a29,-0.01685783533634053,-0.015342919107514228
id_412414ae,-0.01685783533634053,-0.015342919107514228
id_47fcd9db,-0.01685783533634053,-0.015342919107514228
id_c90433e7,-0.01685783533634053,-0.015342919107514228
id_0aef6d2d,-0.01685783533634053,-0.015342919107514228
id_744f6467,-0.01685783533634053,-0.015342919107514228
id_dbf1062d,-0.01685783533634053,-0.015342919107514228
id_6fce9bc8,-0.01685783533634053,-0.015342919107514228
id_17a71cc2,-0.01685783533634053,-0.015342919107514228
id_1f668d14,-0.01685783533634053,-0.015342919107514228
id_eb881bb1,-0.01685783533634053,-0.015342919107514228
id_c5551676,-0.01685783533634053,-0.015342919107514228
id_06b41413,-0.01685783533634053,-0.015342919107514228
id_fc789ade,-0.01685783533634053,-0.015342919107514228
id_ff4174be,-0.01685783533634053,-0.015342919107514228
id_35e6e9aa,-0.01685783533634053,-0.015342919107514228
id_e7795d7a,-0.01685783533634053,-0.015342919107514228
id_5317c17a,-0.01685783533634053,-0.015342919107514228
id_d8646538,-0.01685783533634053,-0.015342919107514228
id_fe542dec,-0.01685783533634053,-0.015342919107514228
id_379390f1,-0.01685783533634053,-0.015342919107514228
id_7dbf210d,-0.01685783533634053,-0.015342919107514228
id_d70d762c,-0.01685783533634053,-0.015342919107514228
id_1e27d6f9,-0.01685783533634053,-0.015342919107514228
id_71aeb5ad,-0.01685783533634053,-0.015342919107514228
id_108b3903,-0.01685783533634053,-0.015342919107514228
id_62bc95e3,-0.01685783533634053,-0.015342919107514228
id_5567151e,-0.01685783533634053,-0.015342919107514228
id_5ac7455d,-0.01685783533634053,-0.015342919107514228
id_131d14d1,-0.01685783533634053,-0.015342919107514228
id_2af4b3d6,-0.01685783533634053,-0.015342919107514228
id_0db39d09,-0.01685783533634053,-0.015342919107514228
id_a289c365,-0.01685783533634053,-0.015342919107514228
id_d7d5e362,-0.01685783533634053,-0.015342919107514228
id_18dbe389,-0.01685783533634053,-0.015342919107514228
id_528daa3f,-0.01685783533634053,-0.015342919107514228
id_2107bc49,-0.01685783533634053,-0.015342919107514228
id_1713d932,-0.01685783533634053,-0.015342919107514228
id_86964bc4,-0.01685783533634053,-0.015342919107514228
id_5ff57c54,-0.01685783533634053,-0.015342919107514228
id_512d1458,-0.01685783533634053,-0.015342919107514228
id_0fdc846b,-0.01685783533634053,-0.015342919107514228
id_75d316c5,-0.01685783533634053,-0.015342919107514228
id_96f6e8e1,-0.01685783533634053,-0.015342919107514228
id_17056871,-0.01685783533634053,-0.015342919107514228
id_c815505c,-0.01685783533634053,-0.015342919107514228
id_9aed0fc9,-0.01685783533634053,-0.015342919107514228
id_7985758d,-0.01685783533634053,-0.015342919107514228
id_dd53355f,-0.01685783533634053,-0.015342919107514228
id_4ba95211,-0.01685783533634053,-0.015342919107514228
id_9d0a92a8,-0.01685783533634053,-0.015342919107514228
id_6594c18d,-0.01685783533634053,-0.015342919107514228
id_89184e52,-0.01685783533634053,-0.015342919107514228
id_7b485411,-0.01685783533634053,-0.015342919107514228
id_69434f11,-0.01685783533634053,-0.015342919107514228
id_89f6c269,-0.01685783533634053,-0.015342919107514228
id_7fc14be1,-0.01685783533634053,-0.015342919107514228
id_35a40737,-0.01685783533634053,-0.015342919107514228
id_16931b7c,-0.01685783533634053,-0.015342919107514228
id_543afbf2,-0.01685783533634053,-0.015342919107514228
id_a3da540a,-0.01685783533634053,-0.015342919107514228
id_96145c71,-0.01685783533634053,-0.015342919107514228
id_9fa0ccaf,-0.01685783533634053,-0.015342919107514228
id_c3ab5c47,-0.01685783533634053,-0.015342919107514228
id_65864854,-0.01685783533634053,-0.015342919107514228
id_0de7e770,-0.01685783533634053,-0.015342919107514228
id_a45ced03,-0.01685783533634053,-0.015342919107514228
id_6750b10d,-0.01685783533634053,-0.015342919107514228
id_91f92588,-0.01685783533634053,-0.015342919107514228
id_b7952dd0,-0.01685783533634053,-0.015342919107514228
id_b78fdbef,-0.01685783533634053,-0.015342919107514228
id_11a52bf5,-0.01685783533634053,-0.015342919107514228
id_a4ffa009,-0.01685783533634053,-0.015342919107514228
id_fbfeb88a,-0.01685783533634053,-0.015342919107514228
id_e9c050cf,-0.01685783533634053,-0.015342919107514228
id_9bf97edc,-0.01685783533634053,-0.015342919107514228
id_115586f3,-0.01685783533634053,-0.015342919107514228
id_41f58c41,-0.01685783533634053,-0.015342919107514228
id_76224985,-0.01685783533634053,-0.015342919107514228
id_21c5c5aa,-0.01685783533634053,-0.015342919107514228
id_067141a6,-0.01685783533634053,-0.015342919107514228
id_beaca890,-0.01685783533634053,-0.015342919107514228
id_96ef2d74,-0.01685783533634053,-0.015342919107514228
id_4f0834d1,-0.01685783533634053,-0.015342919107514228
id_f5154aec,-0.01685783533634053,-0.015342919107514228
id_93906c67,-0.01685783533634053,-0.015342919107514228
id_60f655c9,-0.01685783533634053,-0.015342919107514228
id_5d2c3e7f,-0.01685783533634053,-0.015342919107514228
id_9dcc0552,-0.01685783533634053,-0.015342919107514228
id_218fbbf9,-0.01685783533634053,-0.015342919107514228
id_1bd8b7ea,-0.01685783533634053,-0.015342919107514228
id_ad4804a0,-0.01685783533634053,-0.015342919107514228
id_7b31568d,-0.01685783533634053,-0.015342919107514228
id_9cd431da,-0.01685783533634053,-0.015342919107514228
id_f6afa016,-0.01685783533634053,-0.015342919107514228
id_719665a2,-0.01685783533634053,-0.015342919107514228
id_ff163a44,-0.01685783533634053,-0.015342919107514228
id_8eae85d4,-0.01685783533634053,-0.015342919107514228
id_b76f5083,-0.01685783533634053,-0.015342919107514228
id_1c1c24b6,-0.01685783533634053,-0.015342919107514228
id_0fbe8845,-0.01685783533634053,-0.015342919107514228
id_7e63f2fc,-0.01685783533634053,-0.015342919107514228
id_151bfabb,-0.01685783533634053,-0.015342919107514228
id_e551b701,-0.01685783533634053,-0.015342919107514228
id_e066ee4c,-0.01685783533634053,-0.015342919107514228
id_0fa20329,-0.01685783533634053,-0.015342919107514228
id_a2591ae7,-0.01685783533634053,-0.015342919107514228
id_f224debb,-0.01685783533634053,-0.015342919107514228
id_bfbe4f96,-0.01685783533634053,-0.015342919107514228
id_b941575e,-0.01685783533634053,-0.015342919107514228
id_c983f235,-0.01685783533634053,-0.015342919107514228
id_f1b4e190,-0.01685783533634053,-0.015342919107514228
id_95e3c078,-0.01685783533634053,-0.015342919107514228
id_842e5ddc,-0.01685783533634053,-0.015342919107514228
id_a668098a,-0.01685783533634053,-0.015342919107514228
id_6606ef4b,-0.01685783533634053,-0.015342919107514228
id_07c5b0d2,-0.01685783533634053,-0.015342919107514228
id_dd75d5ed,-0.01685783533634053,-0.015342919107514228
id_06fe3eb1,-0.01685783533634053,-0.015342919107514228
id_5d57ad1d,-0.01685783533634053,-0.015342919107514228
id_5e67f99e,-0.01685783533634053,-0.015342919107514228
id_d542186a,-0.01685783533634053,-0.015342919107514228
id_6a744249,-0.01685783533634053,-0.015342919107514228
id_8ae05eff,-0.01685783533634053,-0.015342919107514228
id_aa911b09,-0.01685783533634053,-0.015342919107514228
id_71f8b658,-0.01685783533634053,-0.015342919107514228
id_5fd63787,-0.01685783533634053,-0.015342919107514228
id_67c0d347,-0.01685783533634053,-0.015342919107514228
id_17f4c495,-0.01685783533634053,-0.015342919107514228
id_d3b5b43d,-0.01685783533634053,-0.015342919107514228
id_83f49325,-0.01685783533634053,-0.015342919107514228
id_c88b9015,-0.01685783533634053,-0.015342919107514228
id_3d2cab1b,-0.01685783533634053,-0.015342919107514228
id_b42ebc5a,-0.01685783533634053,-0.015342919107514228
id_41d35186,-0.01685783533634053,-0.015342919107514228
id_e0d8be43,-0.01685783533634053,-0.015342919107514228
id_e96803d3,-0.01685783533634053,-0.015342919107514228
id_2e1dea06,-0.01685783533634053,-0.015342919107514228
id_40e62318,-0.01685783533634053,-0.015342919107514228
id_1acb6f8d,-0.01685783533634053,-0.015342919107514228
id_536c2b8e,-0.01685783533634053,-0.015342919107514228
id_ec5c9534,-0.01685783533634053,-0.015342919107514228
id_510202e9,-0.01685783533634053,-0.015342919107514228
id_8da0e02c,-0.01685783533634053,-0.015342919107514228
id_d21d7459,-0.01685783533634053,-0.015342919107514228
id_dcbbcf69,-0.01685783533634053,-0.015342919107514228
id_a08a7780,-0.01685783533634053,-0.015342919107514228
id_c56162bb,-0.01685783533634053,-0.015342919107514228
id_f13843b2,-0.01685783533634053,-0.015342919107514228
id_44de0ad1,-0.01685783533634053,-0.015342919107514228
id_ce228d0f,-0.01685783533634053,-0.015342919107514228
id_a53e9868,-0.01685783533634053,-0.015342919107514228
id_d71e20b3,-0.01685783533634053,-0.015342919107514228
id_2e956bab,-0.01685783533634053,-0.015342919107514228
id_209ae3bb,-0.01685783533634053,-0.015342919107514228
id_a318a87c,-0.01685783533634053,-0.015342919107514228
id_f1fd132b,-0.01685783533634053,-0.015342919107514228
id_5b449cac,-0.01685783533634053,-0.015342919107514228
id_7b2ab813,-0.01685783533634053,-0.015342919107514228
id_6995cf74,-0.01685783533634053,-0.015342919107514228
id_52778aed,-0.01685783533634053,-0.015342919107514228
id_9d311efe,-0.01685783533634053,-0.015342919107514228
id_c1e04205,-0.01685783533634053,-0.015342919107514228
id_68d9855b,-0.01685783533634053,-0.015342919107514228
id_9eb359cb,-0.01685783533634053,-0.015342919107514228
id_b1bdd89f,-0.01685783533634053,-0.015342919107514228
id_c1a5287d,-0.01685783533634053,-0.015342919107514228
id_fad12ed4,-0.01685783533634053,-0.015342919107514228
id_8176f6cf,-0.01685783533634053,-0.015342919107514228
id_c5e68dcf,-0.01685783533634053,-0.015342919107514228
id_9e1a6809,-0.01685783533634053,-0.015342919107514228
id_6fb36b74,-0.01685783533634053,-0.015342919107514228
id_4fdf967c,-0.01685783533634053,-0.015342919107514228
id_c6170ec5,-0.01685783533634053,-0.015342919107514228
id_39a33dcc,-0.01685783533634053,-0.015342919107514228
id_0a8147e3,-0.01685783533634053,-0.015342919107514228
id_87c9e281,-0.01685783533634053,-0.015342919107514228
id_8f0b7630,-0.01685783533634053,-0.015342919107514228
id_718a9603,-0.01685783533634053,-0.015342919107514228
id_1319c17e,-0.01685783533634053,-0.015342919107514228
id_18374025,-0.01685783533634053,-0.015342919107514228
id_d5d91504,-0.01685783533634053,-0.015342919107514228
id_c79cb5c1,-0.01685783533634053,-0.015342919107514228
id_eda4cea8,-0.01685783533634053,-0.015342919107514228
id_e52845ff,-0.01685783533634053,-0.015342919107514228
id_8ee8a49b,-0.01685783533634053,-0.015342919107514228
id_ea196401,-0.01685783533634053,-0.015342919107514228
id_bc25d079,-0.01685783533634053,-0.015342919107514228
id_f7449d26,-0.01685783533634053,-0.015342919107514228
id_51ad8a0d,-0.01685783533634053,-0.015342919107514228
id_2d91458b,-0.01685783533634053,-0.015342919107514228
id_1e30607b,-0.01685783533634053,-0.015342919107514228
id_3d39f608,-0.01685783533634053,-0.015342919107514228
id_fd10a0b6,-0.01685783533634053,-0.015342919107514228
id_942b5400,-0.01685783533634053,-0.015342919107514228
id_b76cc375,-0.01685783533634053,-0.015342919107514228
id_7ff10c05,-0.01685783533634053,-0.015342919107514228
id_300d5b8e,-0.01685783533634053,-0.015342919107514228
id_2491db09,-0.01685783533634053,-0.015342919107514228
id_aeffe8f2,-0.01685783533634053,-0.015342919107514228
id_51ea1d3f,-0.01685783533634053,-0.015342919107514228
id_ca41b374,-0.01685783533634053,-0.015342919107514228
id_8baeac04,-0.01685783533634053,-0.015342919107514228
id_bfc5b637,-0.01685783533634053,-0.015342919107514228
id_9a64c9eb,-0.01685783533634053,-0.015342919107514228
id_6250a42e,-0.01685783533634053,-0.015342919107514228
id_d822cd5b,-0.01685783533634053,-0.015342919107514228
id_e7134a1f,-0.01685783533634053,-0.015342919107514228
id_db3d1897,-0.01685783533634053,-0.015342919107514228
id_ffad7c00,-0.01685783533634053,-0.015342919107514228
id_4bc3ebcc,-0.01685783533634053,-0.015342919107514228
id_743a6797,-0.01685783533634053,-0.015342919107514228
id_d87c2ca2,-0.01685783533634053,-0.015342919107514228
id_09d2509c,-0.01685783533634053,-0.015342919107514228
id_927a1a40,-0.01685783533634053,-0.015342919107514228
id_63311eef,-0.01685783533634053,-0.015342919107514228
id_30e59f73,-0.01685783533634053,-0.015342919107514228
id_dcd361e3,-0.01685783533634053,-0.015342919107514228
id_85d31b5d,-0.01685783533634053,-0.015342919107514228
id_05f4d3fc,-0.01685783533634053,-0.015342919107514228
id_ca7f1647,-0.01685783533634053,-0.015342919107514228
id_bbf5ac21,-0.01685783533634053,-0.015342919107514228
id_da86b789,-0.01685783533634053,-0.015342919107514228
id_b88e951a,-0.01685783533634053,-0.015342919107514228
id_928ff3f5,-0.01685783533634053,-0.015342919107514228
id_d31aeb83,-0.01685783533634053,-0.015342919107514228
id_163efb69,-0.01685783533634053,-0.015342919107514228
id_673db81f,-0.01685783533634053,-0.015342919107514228
id_b989637d,-0.01685783533634053,-0.015342919107514228
id_674e756e,-0.01685783533634053,-0.015342919107514228
id_9adb6f34,-0.01685783533634053,-0.015342919107514228
id_20a9b6d9,-0.01685783533634053,-0.015342919107514228
id_15a93d22,-0.01685783533634053,-0.015342919107514228
id_a79831e5,-0.01685783533634053,-0.015342919107514228
id_39353599,-0.01685783533634053,-0.015342919107514228
id_c68895b4,-0.01685783533634053,-0.015342919107514228
id_1b42b574,-0.01685783533634053,-0.015342919107514228
id_5a919bef,-0.01685783533634053,-0.015342919107514228
id_9589ccaf,-0.01685783533634053,-0.015342919107514228
id_055791d1,-0.01685783533634053,-0.015342919107514228
id_f4d392c7,-0.01685783533634053,-0.015342919107514228
id_5317ad78,-0.01685783533634053,-0.015342919107514228
id_6e4015ab,-0.01685783533634053,-0.015342919107514228
id_9ed27624,-0.01685783533634053,-0.015342919107514228
id_69ca6fb3,-0.01685783533634053,-0.015342919107514228
id_04b64e85,-0.01685783533634053,-0.015342919107514228
id_a44b7c1e,-0.01685783533634053,-0.015342919107514228
id_29977958,-0.01685783533634053,-0.015342919107514228
id_ba8d34c7,-0.01685783533634053,-0.015342919107514228
id_0665e62b,-0.01685783533634053,-0.015342919107514228
id_26f3c665,-0.01685783533634053,-0.015342919107514228
id_72c80753,-0.01685783533634053,-0.015342919107514228
id_c62fde4a,-0.01685783533634053,-0.015342919107514228
id_97003f2a,-0.01685783533634053,-0.015342919107514228
id_ef5aedb0,-0.01685783533634053,-0.015342919107514228
id_49bb9ac8,-0.01685783533634053,-0.015342919107514228
id_50c7551d,-0.01685783533634053,-0.015342919107514228
id_5dd4c7f3,-0.01685783533634053,-0.015342919107514228
id_dfa891d4,-0.01685783533634053,-0.015342919107514228
id_01efad86,-0.01685783533634053,-0.015342919107514228
id_fc167d93,-0.01685783533634053,-0.015342919107514228
id_74cba48e,-0.01685783533634053,-0.015342919107514228
id_54cc9746,-0.01685783533634053,-0.015342919107514228
id_26d129b6,-0.01685783533634053,-0.015342919107514228
id_a48bdbfd,-0.01685783533634053,-0.015342919107514228
id_20021a48,-0.01685783533634053,-0.015342919107514228
id_e6f90172,-0.01685783533634053,-0.015342919107514228
id_0f02b815,-0.01685783533634053,-0.015342919107514228
id_caaed304,-0.01685783533634053,-0.015342919107514228
id_f4044779,-0.01685783533634053,-0.015342919107514228
id_3741e81f,-0.01685783533634053,-0.015342919107514228
id_abe15d2b,-0.01685783533634053,-0.015342919107514228
id_39c10e7f,-0.01685783533634053,-0.015342919107514228
id_f2fdabfe,-0.01685783533634053,-0.015342919107514228
id_d045b47f,-0.01685783533634053,-0.015342919107514228
id_f92e31ef,-0.01685783533634053,-0.015342919107514228
id_ea67e879,-0.01685783533634053,-0.015342919107514228
id_3e51d17f,-0.01685783533634053,-0.015342919107514228
id_314638f3,-0.01685783533634053,-0.015342919107514228
id_db081d06,-0.01685783533634053,-0.015342919107514228
id_f908a6bb,-0.01685783533634053,-0.015342919107514228
id_56ec421a,-0.01685783533634053,-0.015342919107514228
id_33fa2502,-0.01685783533634053,-0.015342919107514228
id_1163de4b,-0.01685783533634053,-0.015342919107514228
id_8b437030,-0.01685783533634053,-0.015342919107514228
id_2c58cde5,-0.01685783533634053,-0.015342919107514228
id_780c05ce,-0.01685783533634053,-0.015342919107514228
id_35b67520,-0.01685783533634053,-0.015342919107514228
id_5555a393,-0.01685783533634053,-0.015342919107514228
id_9975c656,-0.01685783533634053,-0.015342919107514228
id_143a5c98,-0.01685783533634053,-0.015342919107514228
id_05f7fae4,-0.01685783533634053,-0.015342919107514228
id_ca87bd04,-0.01685783533634053,-0.015342919107514228
id_84b439cd,-0.01685783533634053,-0.015342919107514228
id_07ca4cba,-0.01685783533634053,-0.015342919107514228
id_8bb832ea,-0.01685783533634053,-0.015342919107514228
id_ee6772fc,-0.01685783533634053,-0.015342919107514228
id_c46cbc16,-0.01685783533634053,-0.015342919107514228
id_cf3b0805,-0.01685783533634053,-0.015342919107514228
id_bab573ee,-0.01685783533634053,-0.015342919107514228
id_19f839e0,-0.01685783533634053,-0.015342919107514228
id_a69f11f2,-0.01685783533634053,-0.015342919107514228
id_d615d65a,-0.01685783533634053,-0.015342919107514228
id_35e0bf50,-0.01685783533634053,-0.015342919107514228
id_46c01e5e,-0.01685783533634053,-0.015342919107514228
id_3ea49c09,-0.01685783533634053,-0.015342919107514228
id_66cfc4c2,-0.01685783533634053,-0.015342919107514228
id_2f1075bc,-0.01685783533634053,-0.015342919107514228
id_b08bd1b1,-0.01685783533634053,-0.015342919107514228
id_b1a39a6c,-0.01685783533634053,-0.015342919107514228
id_439708a3,-0.01685783533634053,-0.015342919107514228
id_8ceac916,-0.01685783533634053,-0.015342919107514228
id_a1e2b42f,-0.01685783533634053,-0.015342919107514228
id_91b63324,-0.01685783533634053,-0.015342919107514228
id_25261179,-0.01685783533634053,-0.015342919107514228
id_0000c1a4,-0.01685783533634053,-0.015342919107514228
id_b33a5e57,-0.01685783533634053,-0.015342919107514228
id_db7bee84,-0.01685783533634053,-0.015342919107514228
id_4ded4c6f,-0.01685783533634053,-0.015342919107514228
id_b005817f,-0.01685783533634053,-0.015342919107514228
id_960638de,-0.01685783533634053,-0.015342919107514228
id_119b7648,-0.01685783533634053,-0.015342919107514228
id_6976755f,-0.01685783533634053,-0.015342919107514228
id_26cb5201,-0.01685783533634053,-0.015342919107514228
id_4fd26c35,-0.01685783533634053,-0.015342919107514228
id_6ef3a67e,-0.01685783533634053,-0.015342919107514228
id_b2e446f3,-0.01685783533634053,-0.015342919107514228
id_d4cf1c57,-0.01685783533634053,-0.015342919107514228
id_9a17566b,-0.01685783533634053,-0.015342919107514228
id_e508ff9d,-0.01685783533634053,-0.015342919107514228
id_efc6c481,-0.01685783533634053,-0.015342919107514228
id_99106076,-0.01685783533634053,-0.015342919107514228
id_dac4e2fa,-0.01685783533634053,-0.015342919107514228
id_626c00f3,-0.01685783533634053,-0.015342919107514228
id_949f8189,-0.01685783533634053,-0.015342919107514228
id_4973c710,-0.01685783533634053,-0.015342919107514228
id_ae775229,-0.01685783533634053,-0.015342919107514228
id_9a024772,-0.01685783533634053,-0.015342919107514228
id_7977217d,-0.01685783533634053,-0.015342919107514228
id_ad075651,-0.01685783533634053,-0.015342919107514228
id_6cad923d,-0.01685783533634053,-0.015342919107514228
id_6e2aced2,-0.01685783533634053,-0.015342919107514228
id_77f56013,-0.01685783533634053,-0.015342919107514228
id_1a1a02e9,-0.01685783533634053,-0.015342919107514228
id_2ee719aa,-0.01685783533634053,-0.015342919107514228
id_54cf565b,-0.01685783533634053,-0.015342919107514228
id_75262e25,-0.01685783533634053,-0.015342919107514228
id_209cf694,-0.01685783533634053,-0.015342919107514228
id_a04c6dab,-0.01685783533634053,-0.015342919107514228
id_d2e9b5b9,-0.01685783533634053,-0.015342919107514228
id_065a30bc,-0.01685783533634053,-0.015342919107514228
id_690f2df3,-0.01685783533634053,-0.015342919107514228
id_fa7bdc6d,-0.01685783533634053,-0.015342919107514228
id_6ba1f99f,-0.01685783533634053,-0.015342919107514228
id_b2085a38,-0.01685783533634053,-0.015342919107514228
id_9dc5b39b,-0.01685783533634053,-0.015342919107514228
id_699af412,-0.01685783533634053,-0.015342919107514228
id_9cfa5056,-0.01685783533634053,-0.015342919107514228
id_934c9eb3,-0.01685783533634053,-0.015342919107514228
id_3ae58028,-0.01685783533634053,-0.015342919107514228
id_9817a652,-0.01685783533634053,-0.015342919107514228
id_eb8cdfb9,-0.01685783533634053,-0.015342919107514228
id_2f7d4e2e,-0.01685783533634053,-0.015342919107514228
id_30359ad7,-0.01685783533634053,-0.015342919107514228
id_000b2146,-0.01685783533634053,-0.015342919107514228
id_0a63ce75,-0.01685783533634053,-0.015342919107514228
id_39f8b955,-0.01685783533634053,-0.015342919107514228
id_0b95a147,-0.01685783533634053,-0.015342919107514228
id_f72d3dba,-0.01685783533634053,-0.015342919107514228
id_e991e196,-0.01685783533634053,-0.015342919107514228
id_0d6bf071,-0.01685783533634053,-0.015342919107514228
id_84cf4311,-0.01685783533634053,-0.015342919107514228
id_37fb31a9,-0.01685783533634053,-0.015342919107514228
id_979a6d94,-0.01685783533634053,-0.015342919107514228
id_1227805b,-0.01685783533634053,-0.015342919107514228
id_f04aa5bc,-0.01685783533634053,-0.015342919107514228
id_68466cb9,-0.01685783533634053,-0.015342919107514228
id_b5cb5568,-0.01685783533634053,-0.015342919107514228
id_a67b7585,-0.01685783533634053,-0.015342919107514228
id_cb0c4f46,-0.01685783533634053,-0.015342919107514228
id_2fc690b3,-0.01685783533634053,-0.015342919107514228
id_36dbe1c7,-0.01685783533634053,-0.015342919107514228
id_ae5316e0,-0.01685783533634053,-0.015342919107514228
id_01be62b3,-0.01685783533634053,-0.015342919107514228
id_c204f7c7,-0.01685783533634053,-0.015342919107514228
id_7545f130,-0.01685783533634053,-0.015342919107514228
id_90d71192,-0.01685783533634053,-0.015342919107514228
id_9cc2eb38,-0.01685783533634053,-0.015342919107514228
id_3c8c6eb8,-0.01685783533634053,-0.015342919107514228
id_6caf07d0,-0.01685783533634053,-0.015342919107514228
id_742b6c6d,-0.01685783533634053,-0.015342919107514228
id_66f9f42f,-0.01685783533634053,-0.015342919107514228
id_4123e0fe,-0.01685783533634053,-0.015342919107514228
id_b5d448b2,-0.01685783533634053,-0.015342919107514228
id_16f14075,-0.01685783533634053,-0.015342919107514228
id_89f018fb,-0.01685783533634053,-0.015342919107514228
id_46a75478,-0.01685783533634053,-0.015342919107514228
id_805fc042,-0.01685783533634053,-0.015342919107514228
id_ad49bd77,-0.01685783533634053,-0.015342919107514228
id_194caf98,-0.01685783533634053,-0.015342919107514228
id_4360d964,-0.01685783533634053,-0.015342919107514228
id_474fbf2f,-0.01685783533634053,-0.015342919107514228
id_419bb8c3,-0.01685783533634053,-0.015342919107514228
id_4522dc9e,-0.01685783533634053,-0.015342919107514228
id_f134e0e2,-0.01685783533634053,-0.015342919107514228
id_2d806442,-0.01685783533634053,-0.015342919107514228
id_4149c190,-0.01685783533634053,-0.015342919107514228
id_33338bd0,-0.01685783533634053,-0.015342919107514228
id_554b1556,-0.01685783533634053,-0.015342919107514228
id_f8f59dcb,-0.01685783533634053,-0.015342919107514228
id_55ab9922,-0.01685783533634053,-0.015342919107514228
id_2faa11b8,-0.01685783533634053,-0.015342919107514228
id_9d51290e,-0.01685783533634053,-0.015342919107514228
id_affc2f12,-0.01685783533634053,-0.015342919107514228
id_a9a92a1c,-0.01685783533634053,-0.015342919107514228
id_80344928,-0.01685783533634053,-0.015342919107514228
id_a9c8887b,-0.01685783533634053,-0.015342919107514228
id_cade86c4,-0.01685783533634053,-0.015342919107514228
id_de2b4262,-0.01685783533634053,-0.015342919107514228
id_ad4fc4d9,-0.01685783533634053,-0.015342919107514228
id_da3bc788,-0.01685783533634053,-0.015342919107514228
id_46898869,-0.01685783533634053,-0.015342919107514228
id_502cd9c6,-0.01685783533634053,-0.015342919107514228
id_00c54b31,-0.01685783533634053,-0.015342919107514228
id_3336909b,-0.01685783533634053,-0.015342919107514228
id_2c1a4296,-0.01685783533634053,-0.015342919107514228
id_fdf5bd32,-0.01685783533634053,-0.015342919107514228
id_ae613722,-0.01685783533634053,-0.015342919107514228
id_050b8a68,-0.01685783533634053,-0.015342919107514228
id_5705bbfa,-0.01685783533634053,-0.015342919107514228
id_9ceafb25,-0.01685783533634053,-0.015342919107514228
id_25ec359a,-0.01685783533634053,-0.015342919107514228
id_97293b3b,-0.01685783533634053,-0.015342919107514228
id_4eaa65ec,-0.01685783533634053,-0.015342919107514228
id_602e8d32,-0.01685783533634053,-0.015342919107514228
id_4a9ffeb8,-0.01685783533634053,-0.015342919107514228
id_e38a4b41,-0.01685783533634053,-0.015342919107514228
id_ebbc7300,-0.01685783533634053,-0.015342919107514228
id_4230bb86,-0.01685783533634053,-0.015342919107514228
id_00f54115,-0.01685783533634053,-0.015342919107514228
id_963a23ae,-0.01685783533634053,-0.015342919107514228
id_0ce72b88,-0.01685783533634053,-0.015342919107514228
id_f7dcbd5e,-0.01685783533634053,-0.015342919107514228
id_ec347441,-0.01685783533634053,-0.015342919107514228
id_fa8180e2,-0.01685783533634053,-0.015342919107514228
id_b0cb4ee8,-0.01685783533634053,-0.015342919107514228
id_ff43519d,-0.01685783533634053,-0.015342919107514228
id_c52bd031,-0.01685783533634053,-0.015342919107514228
id_4f24f2c1,-0.01685783533634053,-0.015342919107514228
id_cafa7326,-0.01685783533634053,-0.015342919107514228
id_1c76725e,-0.01685783533634053,-0.015342919107514228
id_7af8c5cc,-0.01685783533634053,-0.015342919107514228
id_38824e0e,-0.01685783533634053,-0.015342919107514228
id_51a526ba,-0.01685783533634053,-0.015342919107514228
id_7a57357a,-0.01685783533634053,-0.015342919107514228
id_cbded6bf,-0.01685783533634053,-0.015342919107514228
id_814a96a2,-0.01685783533634053,-0.015342919107514228
id_54e04451,-0.01685783533634053,-0.015342919107514228
id_957fefc3,-0.01685783533634053,-0.015342919107514228
id_d6f6ee2d,-0.01685783533634053,-0.015342919107514228
id_1a4a9a1a,-0.01685783533634053,-0.015342919107514228
id_1b66f535,-0.01685783533634053,-0.015342919107514228
id_84c1440f,-0.01685783533634053,-0.015342919107514228
id_8164781d,-0.01685783533634053,-0.015342919107514228
id_ac5d5c3b,-0.01685783533634053,-0.015342919107514228
id_822808bd,-0.01685783533634053,-0.015342919107514228
id_aa6fb0c3,-0.01685783533634053,-0.015342919107514228
id_ee92a6fb,-0.01685783533634053,-0.015342919107514228
id_fbe87e4b,-0.01685783533634053,-0.015342919107514228
id_7f5e6405,-0.01685783533634053,-0.015342919107514228
id_6d88d259,-0.01685783533634053,-0.015342919107514228
id_3f886eba,-0.01685783533634053,-0.015342919107514228
id_df11eb1e,-0.01685783533634053,-0.015342919107514228
id_50d748eb,-0.01685783533634053,-0.015342919107514228
id_62519a5c,-0.01685783533634053,-0.015342919107514228
id_3c580374,-0.01685783533634053,-0.015342919107514228
id_27fba79c,-0.01685783533634053,-0.015342919107514228
id_1655e918,-0.01685783533634053,-0.015342919107514228
id_833f5bb3,-0.01685783533634053,-0.015342919107514228
id_85997749,-0.01685783533634053,-0.015342919107514228
id_6cffd765,-0.01685783533634053,-0.015342919107514228
id_727c08bf,-0.01685783533634053,-0.015342919107514228
id_cadc42bc,-0.01685783533634053,-0.015342919107514228
id_1369f951,-0.01685783533634053,-0.015342919107514228
id_f212cc00,-0.01685783533634053,-0.015342919107514228
id_bbdfd654,-0.01685783533634053,-0.015342919107514228
id_89075239,-0.01685783533634053,-0.015342919107514228
id_3666d455,-0.01685783533634053,-0.015342919107514228
id_4fb41699,-0.01685783533634053,-0.015342919107514228
id_72fc210f,-0.01685783533634053,-0.015342919107514228
id_d68d55c3,-0.01685783533634053,-0.015342919107514228
id_13839255,-0.01685783533634053,-0.015342919107514228
id_b9f38a49,-0.01685783533634053,-0.015342919107514228
id_68429b39,-0.01685783533634053,-0.015342919107514228
id_0795e2a0,-0.01685783533634053,-0.015342919107514228
id_22d6e048,-0.01685783533634053,-0.015342919107514228
id_378c3857,-0.01685783533634053,-0.015342919107514228
id_68051d74,-0.01685783533634053,-0.015342919107514228
id_f76564a7,-0.01685783533634053,-0.015342919107514228
id_0a9ffa6b,-0.01685783533634053,-0.015342919107514228
id_747804e9,-0.01685783533634053,-0.015342919107514228
id_63eea957,-0.01685783533634053,-0.015342919107514228
id_7cfcee19,-0.01685783533634053,-0.015342919107514228
id_9d32944c,-0.01685783533634053,-0.015342919107514228
id_a289ffb8,-0.01685783533634053,-0.015342919107514228
id_9b51bce3,-0.01685783533634053,-0.015342919107514228
id_0b36cbf6,-0.01685783533634053,-0.015342919107514228
id_74490107,-0.01685783533634053,-0.015342919107514228
id_4a03db2d,-0.01685783533634053,-0.015342919107514228
id_ecd5c2dc,-0.01685783533634053,-0.015342919107514228
id_4531ffd8,-0.01685783533634053,-0.015342919107514228
id_bff85440,-0.01685783533634053,-0.015342919107514228
id_ae6f5172,-0.01685783533634053,-0.015342919107514228
id_7b6df609,-0.01685783533634053,-0.015342919107514228
id_edc80903,-0.01685783533634053,-0.015342919107514228
id_0c9a0adb,-0.01685783533634053,-0.015342919107514228
id_fa42b5e0,-0.01685783533634053,-0.015342919107514228
id_63af4d8e,-0.01685783533634053,-0.015342919107514228
id_7b6858da,-0.01685783533634053,-0.015342919107514228
id_d460fd1b,-0.01685783533634053,-0.015342919107514228
id_07bb7b7d,-0.01685783533634053,-0.015342919107514228
id_70a7b187,-0.01685783533634053,-0.015342919107514228
id_0278e501,-0.01685783533634053,-0.015342919107514228
id_85622261,-0.01685783533634053,-0.015342919107514228
id_cd92a5fd,-0.01685783533634053,-0.015342919107514228
id_ecefb5b6,-0.01685783533634053,-0.015342919107514228
id_e0cac32a,-0.01685783533634053,-0.015342919107514228
id_87cb9c18,-0.01685783533634053,-0.015342919107514228
id_a4e70a81,-0.01685783533634053,-0.015342919107514228
id_72f52018,-0.01685783533634053,-0.015342919107514228
id_0263c1a4,-0.01685783533634053,-0.015342919107514228
id_8287fc1a,-0.01685783533634053,-0.015342919107514228
id_a41af9f6,-0.01685783533634053,-0.015342919107514228
id_24d80512,-0.01685783533634053,-0.015342919107514228
id_3f7b228e,-0.01685783533634053,-0.015342919107514228
id_605ca1b5,-0.01685783533634053,-0.015342919107514228
id_50fe2608,-0.01685783533634053,-0.015342919107514228
id_a4e256fd,-0.01685783533634053,-0.015342919107514228
id_c4357ffa,-0.01685783533634053,-0.015342919107514228
id_fd4184ee,-0.01685783533634053,-0.015342919107514228
id_ef57bef1,-0.01685783533634053,-0.015342919107514228
id_43744072,-0.01685783533634053,-0.015342919107514228
id_80f33299,-0.01685783533634053,-0.015342919107514228
id_ce982a87,-0.01685783533634053,-0.015342919107514228
id_67d20a54,-0.01685783533634053,-0.015342919107514228
id_a9779314,-0.01685783533634053,-0.015342919107514228
id_c5662827,-0.01685783533634053,-0.015342919107514228
id_22441111,-0.01685783533634053,-0.015342919107514228
id_e4a15b05,-0.01685783533634053,-0.015342919107514228
id_415d8e7c,-0.01685783533634053,-0.015342919107514228
id_5013fad5,-0.01685783533634053,-0.015342919107514228
id_b4041ed3,-0.01685783533634053,-0.015342919107514228
id_923c3a62,-0.01685783533634053,-0.015342919107514228
id_deb7eeed,-0.01685783533634053,-0.015342919107514228
id_56ec5419,-0.01685783533634053,-0.015342919107514228
id_f4c2f9e0,-0.01685783533634053,-0.015342919107514228
id_88863715,-0.01685783533634053,-0.015342919107514228
id_60c18945,-0.01685783533634053,-0.015342919107514228
id_d77afc2d,-0.01685783533634053,-0.015342919107514228
id_e7e2a4f1,-0.01685783533634053,-0.015342919107514228
id_43f88218,-0.01685783533634053,-0.015342919107514228
id_c6f3d7d4,-0.01685783533634053,-0.015342919107514228
id_ae16fa2c,-0.01685783533634053,-0.015342919107514228
id_82bdf921,-0.01685783533634053,-0.015342919107514228
id_483612db,-0.01685783533634053,-0.015342919107514228
id_da071e23,-0.01685783533634053,-0.015342919107514228
id_dbff0c98,-0.01685783533634053,-0.015342919107514228
id_0d4251bb,-0.01685783533634053,-0.015342919107514228
id_21bfa2d4,-0.01685783533634053,-0.015342919107514228
id_0847f50c,-0.01685783533634053,-0.015342919107514228
id_329323cc,-0.01685783533634053,-0.015342919107514228
id_6f7749c5,-0.01685783533634053,-0.015342919107514228
id_14085036,-0.01685783533634053,-0.015342919107514228
id_cbfc3564,-0.01685783533634053,-0.015342919107514228
id_9b45b4c2,-0.01685783533634053,-0.015342919107514228
id_2df329e7,-0.01685783533634053,-0.015342919107514228
id_18ce2a9b,-0.01685783533634053,-0.015342919107514228
id_0e3bf537,-0.01685783533634053,-0.015342919107514228
id_df2330c5,-0.01685783533634053,-0.015342919107514228
id_4234983c,-0.01685783533634053,-0.015342919107514228
id_009b45b5,-0.01685783533634053,-0.015342919107514228
id_510cf23c,-0.01685783533634053,-0.015342919107514228
id_b35b18c1,-0.01685783533634053,-0.015342919107514228
id_df1ecb6d,-0.01685783533634053,-0.015342919107514228
id_c182d474,-0.01685783533634053,-0.015342919107514228
id_3240bd55,-0.01685783533634053,-0.015342919107514228
id_d50a5e15,-0.01685783533634053,-0.015342919107514228
id_503f53fd,-0.01685783533634053,-0.015342919107514228
id_6f6158ae,-0.01685783533634053,-0.015342919107514228
id_2d710555,-0.01685783533634053,-0.015342919107514228
id_8cc1a9a8,-0.01685783533634053,-0.015342919107514228
id_fc5d7961,-0.01685783533634053,-0.015342919107514228
id_608077ed,-0.01685783533634053,-0.015342919107514228
id_86e64651,-0.01685783533634053,-0.015342919107514228
id_c6ea1725,-0.01685783533634053,-0.015342919107514228
id_5fa904e6,-0.01685783533634053,-0.015342919107514228
id_ce43e29a,-0.01685783533634053,-0.015342919107514228
id_ba21969c,-0.01685783533634053,-0.015342919107514228
id_eb3b0750,-0.01685783533634053,-0.015342919107514228
id_f83150a6,-0.01685783533634053,-0.015342919107514228
id_e407067c,-0.01685783533634053,-0.015342919107514228
id_34dce73a,-0.01685783533634053,-0.015342919107514228
id_2c41b3e2,-0.01685783533634053,-0.015342919107514228
id_cb75c0a2,-0.01685783533634053,-0.015342919107514228
id_f65eef83,-0.01685783533634053,-0.015342919107514228
id_2f394a52,-0.01685783533634053,-0.015342919107514228
id_47f08596,-0.01685783533634053,-0.015342919107514228
id_59e372fd,-0.01685783533634053,-0.015342919107514228
id_0bacaf45,-0.01685783533634053,-0.015342919107514228
id_a4ba1a0a,-0.01685783533634053,-0.015342919107514228
id_d0a4f3c1,-0.01685783533634053,-0.015342919107514228
id_eea47266,-0.01685783533634053,-0.015342919107514228
id_d46ee4f1,-0.01685783533634053,-0.015342919107514228
id_91165bab,-0.01685783533634053,-0.015342919107514228
id_7f95c5ed,-0.01685783533634053,-0.015342919107514228
id_4ef2968a,-0.01685783533634053,-0.015342919107514228
id_c0660109,-0.01685783533634053,-0.015342919107514228
id_b1c714cf,-0.01685783533634053,-0.015342919107514228
id_d22e8c20,-0.01685783533634053,-0.015342919107514228
id_0c443251,-0.01685783533634053,-0.015342919107514228
id_54e9b6b6,-0.01685783533634053,-0.015342919107514228
id_d3224398,-0.01685783533634053,-0.015342919107514228
id_d1b4f325,-0.01685783533634053,-0.015342919107514228
id_aae4b924,-0.01685783533634053,-0.015342919107514228
id_1103a13e,-0.01685783533634053,-0.015342919107514228
id_ce43a16f,-0.01685783533634053,-0.015342919107514228
id_6cdc16d9,-0.01685783533634053,-0.015342919107514228
id_a60c2f59,-0.01685783533634053,-0.015342919107514228
id_60806ab7,-0.01685783533634053,-0.015342919107514228
id_05ee4b2a,-0.01685783533634053,-0.015342919107514228
id_78b9bae5,-0.01685783533634053,-0.015342919107514228
id_35bc3c38,-0.01685783533634053,-0.015342919107514228
id_6f61610c,-0.01685783533634053,-0.015342919107514228
id_91858774,-0.01685783533634053,-0.015342919107514228
id_78f40ded,-0.01685783533634053,-0.015342919107514228
id_b5c66c0a,-0.01685783533634053,-0.015342919107514228
id_99c7d60e,-0.01685783533634053,-0.015342919107514228
id_131beb0f,-0.01685783533634053,-0.015342919107514228
id_d0dc7ced,-0.01685783533634053,-0.015342919107514228
id_ed0eeca6,-0.01685783533634053,-0.015342919107514228
id_6fadff39,-0.01685783533634053,-0.015342919107514228
id_80f88a56,-0.01685783533634053,-0.015342919107514228
id_08606e23,-0.01685783533634053,-0.015342919107514228
id_6558784b,-0.01685783533634053,-0.015342919107514228
id_9e29d632,-0.01685783533634053,-0.015342919107514228
id_f9426d78,-0.01685783533634053,-0.015342919107514228
id_4fc1bfc4,-0.01685783533634053,-0.015342919107514228
id_9e0accaf,-0.01685783533634053,-0.015342919107514228
id_06c19723,-0.01685783533634053,-0.015342919107514228
id_e517714a,-0.01685783533634053,-0.015342919107514228
id_fdbceae5,-0.01685783533634053,-0.015342919107514228
id_5c1a51c5,-0.01685783533634053,-0.015342919107514228
id_3c255bd6,-0.01685783533634053,-0.015342919107514228
id_d36dfdeb,-0.01685783533634053,-0.015342919107514228
id_05fc02ab,-0.01685783533634053,-0.015342919107514228
id_f8b8a09b,-0.01685783533634053,-0.015342919107514228
id_9b5bb57f,-0.01685783533634053,-0.015342919107514228
id_ecf56b2c,-0.01685783533634053,-0.015342919107514228
id_b7714e22,-0.01685783533634053,-0.015342919107514228
id_582520ee,-0.01685783533634053,-0.015342919107514228
id_65be5dc5,-0.01685783533634053,-0.015342919107514228
id_2b8c8ab7,-0.01685783533634053,-0.015342919107514228
id_6f1e7c91,-0.01685783533634053,-0.015342919107514228
id_c5aa1d67,-0.01685783533634053,-0.015342919107514228
id_99e1f835,-0.01685783533634053,-0.015342919107514228
id_a33be620,-0.01685783533634053,-0.015342919107514228
id_8e8c1a0c,-0.01685783533634053,-0.015342919107514228
id_d1dc11a4,-0.01685783533634053,-0.015342919107514228
id_0fdd380a,-0.01685783533634053,-0.015342919107514228
id_8cdaa78a,-0.01685783533634053,-0.015342919107514228
id_c9bcfca9,-0.01685783533634053,-0.015342919107514228
id_debfe3aa,-0.01685783533634053,-0.015342919107514228
id_3e86e50f,-0.01685783533634053,-0.015342919107514228
id_34cd78e6,-0.01685783533634053,-0.015342919107514228
id_32360651,-0.01685783533634053,-0.015342919107514228
id_e73e261b,-0.01685783533634053,-0.015342919107514228
id_b12419a8,-0.01685783533634053,-0.015342919107514228
id_f04f0877,-0.01685783533634053,-0.015342919107514228
id_6d150be0,-0.01685783533634053,-0.015342919107514228
id_89a2e518,-0.01685783533634053,-0.015342919107514228
id_30e63ae7,-0.01685783533634053,-0.015342919107514228
id_30924345,-0.01685783533634053,-0.015342919107514228
id_4ca1b8c5,-0.01685783533634053,-0.015342919107514228
id_94aaeaf7,-0.01685783533634053,-0.015342919107514228
id_33c435c1,-0.01685783533634053,-0.015342919107514228
id_3b831e70,-0.01685783533634053,-0.015342919107514228
id_90b619fd,-0.01685783533634053,-0.015342919107514228
id_3585ab7d,-0.01685783533634053,-0.015342919107514228
id_74128799,-0.01685783533634053,-0.015342919107514228
id_8850843f,-0.01685783533634053,-0.015342919107514228
id_c05ec703,-0.01685783533634053,-0.015342919107514228
id_cf2c652c,-0.01685783533634053,-0.015342919107514228
id_d032c2c9,-0.01685783533634053,-0.015342919107514228
id_2eae072b,-0.01685783533634053,-0.015342919107514228
id_becc0a13,-0.01685783533634053,-0.015342919107514228
id_b2b867db,-0.01685783533634053,-0.015342919107514228
id_137aaf0d,-0.01685783533634053,-0.015342919107514228
id_11a240d1,-0.01685783533634053,-0.015342919107514228
id_d08bab92,-0.01685783533634053,-0.015342919107514228
id_58bfb4ea,-0.01685783533634053,-0.015342919107514228
id_0eb6dfaf,-0.01685783533634053,-0.015342919107514228
id_6ed48766,-0.01685783533634053,-0.015342919107514228
id_f79bb7f6,-0.01685783533634053,-0.015342919107514228
id_0ceabb20,-0.01685783533634053,-0.015342919107514228
id_0d2e2513,-0.01685783533634053,-0.015342919107514228
id_3ab55b79,-0.01685783533634053,-0.015342919107514228
id_229834b0,-0.01685783533634053,-0.015342919107514228
id_07ff9d79,-0.01685783533634053,-0.015342919107514228
id_5b73c97a,-0.01685783533634053,-0.015342919107514228
id_ab415fc2,-0.01685783533634053,-0.015342919107514228
id_dea59e93,-0.01685783533634053,-0.015342919107514228
id_632ee830,-0.01685783533634053,-0.015342919107514228
id_e3eb8fed,-0.01685783533634053,-0.015342919107514228
id_5733d3ab,-0.01685783533634053,-0.015342919107514228
id_c7757ef6,-0.01685783533634053,-0.015342919107514228
id_146694f1,-0.01685783533634053,-0.015342919107514228
id_a9fba0aa,-0.01685783533634053,-0.015342919107514228
id_05dffb70,-0.01685783533634053,-0.015342919107514228
id_cb411321,-0.01685783533634053,-0.015342919107514228
id_528804e3,-0.01685783533634053,-0.015342919107514228
id_af1cf717,-0.01685783533634053,-0.015342919107514228
id_e76c8737,-0.01685783533634053,-0.015342919107514228
id_de5719d7,-0.01685783533634053,-0.015342919107514228
id_a5367bfd,-0.01685783533634053,-0.015342919107514228
id_5de3fc1b,-0.01685783533634053,-0.015342919107514228
id_ad078259,-0.01685783533634053,-0.015342919107514228
id_b147c5f2,-0.01685783533634053,-0.015342919107514228
id_3a94387b,-0.01685783533634053,-0.015342919107514228
id_199aed06,-0.01685783533634053,-0.015342919107514228
id_679c5224,-0.01685783533634053,-0.015342919107514228
id_f3d0f84a,-0.01685783533634053,-0.015342919107514228
id_d6aa587d,-0.01685783533634053,-0.015342919107514228
id_de01f5b0,-0.01685783533634053,-0.015342919107514228
id_1c6b1dd5,-0.01685783533634053,-0.015342919107514228
id_e2ddd50f,-0.01685783533634053,-0.015342919107514228
id_09ad10e0,-0.01685783533634053,-0.015342919107514228
id_180a2c44,-0.01685783533634053,-0.015342919107514228
id_dc6bc1fd,-0.01685783533634053,-0.015342919107514228
id_58c43a15,-0.01685783533634053,-0.015342919107514228
id_fc9af4a0,-0.01685783533634053,-0.015342919107514228
id_df2ede9b,-0.01685783533634053,-0.015342919107514228
id_a9efafa5,-0.01685783533634053,-0.015342919107514228
id_658c68cd,-0.01685783533634053,-0.015342919107514228
id_0e01a032,-0.01685783533634053,-0.015342919107514228
id_ba5220d0,-0.01685783533634053,-0.015342919107514228
id_10dcec48,-0.01685783533634053,-0.015342919107514228
id_6025eb2b,-0.01685783533634053,-0.015342919107514228
id_1aa610aa,-0.01685783533634053,-0.015342919107514228
id_b287c8c5,-0.01685783533634053,-0.015342919107514228
id_2d9af363,-0.01685783533634053,-0.015342919107514228
id_6e774f1d,-0.01685783533634053,-0.015342919107514228
id_ae8535ca,-0.01685783533634053,-0.015342919107514228
id_4090bacf,-0.01685783533634053,-0.015342919107514228
id_1388c806,-0.01685783533634053,-0.015342919107514228
id_135fdb36,-0.01685783533634053,-0.015342919107514228
id_4591c0f5,-0.01685783533634053,-0.015342919107514228
id_ec16ac2d,-0.01685783533634053,-0.015342919107514228
id_6410e064,-0.01685783533634053,-0.015342919107514228
id_80f928a8,-0.01685783533634053,-0.015342919107514228
id_ad6053ee,-0.01685783533634053,-0.015342919107514228
id_65859f09,-0.01685783533634053,-0.015342919107514228
id_b812b912,-0.01685783533634053,-0.015342919107514228
id_d9017482,-0.01685783533634053,-0.015342919107514228
id_82af4feb,-0.01685783533634053,-0.015342919107514228
id_661ea9a8,-0.01685783533634053,-0.015342919107514228
id_2802d6c5,-0.01685783533634053,-0.015342919107514228
id_3e210b1a,-0.01685783533634053,-0.015342919107514228
id_0f920805,-0.01685783533634053,-0.015342919107514228
id_bb8b73d2,-0.01685783533634053,-0.015342919107514228
id_ac442496,-0.01685783533634053,-0.015342919107514228
id_d2e8a949,-0.01685783533634053,-0.015342919107514228
id_5f668dc3,-0.01685783533634053,-0.015342919107514228
id_3e3b05b4,-0.01685783533634053,-0.015342919107514228
id_80f9fdda,-0.01685783533634053,-0.015342919107514228
id_13622209,-0.01685783533634053,-0.015342919107514228
id_ea243e47,-0.01685783533634053,-0.015342919107514228
id_03438d44,-0.01685783533634053,-0.015342919107514228
id_06889c0a,-0.01685783533634053,-0.015342919107514228
id_8b39e1ec,-0.01685783533634053,-0.015342919107514228
id_d27a5367,-0.01685783533634053,-0.015342919107514228
id_3d7f7a4c,-0.01685783533634053,-0.015342919107514228
id_32476317,-0.01685783533634053,-0.015342919107514228
id_6ea88845,-0.01685783533634053,-0.015342919107514228
id_fb392776,-0.01685783533634053,-0.015342919107514228
id_687fc668,-0.01685783533634053,-0.015342919107514228
id_6d1a45ce,-0.01685783533634053,-0.015342919107514228
id_0e2464dc,-0.01685783533634053,-0.015342919107514228
id_caf6580b,-0.01685783533634053,-0.015342919107514228
id_603fc2dc,-0.01685783533634053,-0.015342919107514228
id_91c20c07,-0.01685783533634053,-0.015342919107514228
id_deddae6b,-0.01685783533634053,-0.015342919107514228
id_2b6f8e8c,-0.01685783533634053,-0.015342919107514228
id_0f85ed7b,-0.01685783533634053,-0.015342919107514228
id_2ebd6864,-0.01685783533634053,-0.015342919107514228
id_f5dc64d6,-0.01685783533634053,-0.015342919107514228
id_ee0c0a8e,-0.01685783533634053,-0.015342919107514228
id_c9e3fd24,-0.01685783533634053,-0.015342919107514228
id_5f8dd03e,-0.01685783533634053,-0.015342919107514228
id_5dbf1de8,-0.01685783533634053,-0.015342919107514228
id_90de3b5b,-0.01685783533634053,-0.015342919107514228
id_5c7a91db,-0.01685783533634053,-0.015342919107514228
id_29e275c2,-0.01685783533634053,-0.015342919107514228
id_ae937872,-0.01685783533634053,-0.015342919107514228
id_8eb811f1,-0.01685783533634053,-0.015342919107514228
id_958572f3,-0.01685783533634053,-0.015342919107514228
id_bf78debe,-0.01685783533634053,-0.015342919107514228
id_d0345b6c,-0.01685783533634053,-0.015342919107514228
id_1e3bb1aa,-0.01685783533634053,-0.015342919107514228
id_2cbb943d,-0.01685783533634053,-0.015342919107514228
id_c943eee3,-0.01685783533634053,-0.015342919107514228
id_15d64ac7,-0.01685783533634053,-0.015342919107514228
id_7ba1a22e,-0.01685783533634053,-0.015342919107514228
id_1d3fc8d4,-0.01685783533634053,-0.015342919107514228
id_a4904fb8,-0.01685783533634053,-0.015342919107514228
id_6dbeaf36,-0.01685783533634053,-0.015342919107514228
id_f589052d,-0.01685783533634053,-0.015342919107514228
id_ff702517,-0.01685783533634053,-0.015342919107514228
id_2dc17dba,-0.01685783533634053,-0.015342919107514228
id_d731210e,-0.01685783533634053,-0.015342919107514228
id_a280bd3b,-0.01685783533634053,-0.015342919107514228
id_b7655e37,-0.01685783533634053,-0.015342919107514228
id_333cb905,-0.01685783533634053,-0.015342919107514228
id_f3408e26,-0.01685783533634053,-0.015342919107514228
id_68228239,-0.01685783533634053,-0.015342919107514228
id_98f2c08c,-0.01685783533634053,-0.015342919107514228
id_76a0e899,-0.01685783533634053,-0.015342919107514228
id_4687fc47,-0.01685783533634053,-0.015342919107514228
id_fe0bc272,-0.01685783533634053,-0.015342919107514228
id_9e1e2198,-0.01685783533634053,-0.015342919107514228
id_96c2997e,-0.01685783533634053,-0.015342919107514228
id_e4b67f5d,-0.01685783533634053,-0.015342919107514228
id_47e41757,-0.01685783533634053,-0.015342919107514228
id_943411ee,-0.01685783533634053,-0.015342919107514228
id_e1c35af8,-0.01685783533634053,-0.015342919107514228
id_1f078347,-0.01685783533634053,-0.015342919107514228
id_439a0a55,-0.01685783533634053,-0.015342919107514228
id_742509ce,-0.01685783533634053,-0.015342919107514228
id_0a953647,-0.01685783533634053,-0.015342919107514228
id_71c2b982,-0.01685783533634053,-0.015342919107514228
id_33ab0be4,-0.01685783533634053,-0.015342919107514228
id_fdc3d98a,-0.01685783533634053,-0.015342919107514228
id_df17f761,-0.01685783533634053,-0.015342919107514228
id_65b56e21,-0.01685783533634053,-0.015342919107514228
id_560183b2,-0.01685783533634053,-0.015342919107514228
id_34c4df49,-0.01685783533634053,-0.015342919107514228
id_73602e31,-0.01685783533634053,-0.015342919107514228
id_aab8f0b7,-0.01685783533634053,-0.015342919107514228
id_3a681b81,-0.01685783533634053,-0.015342919107514228
id_02672f94,-0.01685783533634053,-0.015342919107514228
id_87f383ff,-0.01685783533634053,-0.015342919107514228
id_aae687e1,-0.01685783533634053,-0.015342919107514228
id_222ac6c6,-0.01685783533634053,-0.015342919107514228
id_40493dc4,-0.01685783533634053,-0.015342919107514228
id_f682b89a,-0.01685783533634053,-0.015342919107514228
id_9b968fe8,-0.01685783533634053,-0.015342919107514228
id_ee89fa56,-0.01685783533634053,-0.015342919107514228
id_67768df9,-0.01685783533634053,-0.015342919107514228
id_cde9bc5e,-0.01685783533634053,-0.015342919107514228
id_c69a924d,-0.01685783533634053,-0.015342919107514228
id_b8ecf85f,-0.01685783533634053,-0.015342919107514228
id_7c780777,-0.01685783533634053,-0.015342919107514228
id_11c014e6,-0.01685783533634053,-0.015342919107514228
id_dfddb223,-0.01685783533634053,-0.015342919107514228
id_7ff8a62b,-0.01685783533634053,-0.015342919107514228
id_19ac2a25,-0.01685783533634053,-0.015342919107514228
id_a4725e1c,-0.01685783533634053,-0.015342919107514228
id_ee2db384,-0.01685783533634053,-0.015342919107514228
id_9e759128,-0.01685783533634053,-0.015342919107514228
id_20717a01,-0.01685783533634053,-0.015342919107514228
id_863ae2be,-0.01685783533634053,-0.015342919107514228
id_089d8c7b,-0.01685783533634053,-0.015342919107514228
id_29d13f6e,-0.01685783533634053,-0.015342919107514228
id_dc962eca,-0.01685783533634053,-0.015342919107514228
id_c4685034,-0.01685783533634053,-0.015342919107514228
id_87e0aab6,-0.01685783533634053,-0.015342919107514228
id_5adcc600,-0.01685783533634053,-0.015342919107514228
id_fd321c0f,-0.01685783533634053,-0.015342919107514228
id_3a9ea215,-0.01685783533634053,-0.015342919107514228
id_977fcc62,-0.01685783533634053,-0.015342919107514228
id_ec4bfe54,-0.01685783533634053,-0.015342919107514228
id_5da22cfd,-0.01685783533634053,-0.015342919107514228
id_e8916569,-0.01685783533634053,-0.015342919107514228
id_f113b392,-0.01685783533634053,-0.015342919107514228
id_2ae53a92,-0.01685783533634053,-0.015342919107514228
id_c5b10757,-0.01685783533634053,-0.015342919107514228
id_4b76afa5,-0.01685783533634053,-0.015342919107514228
id_238c3a28,-0.01685783533634053,-0.015342919107514228
id_f7ccdf45,-0.01685783533634053,-0.015342919107514228
id_17aa940d,-0.01685783533634053,-0.015342919107514228
id_380bd3a6,-0.01685783533634053,-0.015342919107514228
id_9847f033,-0.01685783533634053,-0.015342919107514228
id_e9916e4c,-0.01685783533634053,-0.015342919107514228
id_20105651,-0.01685783533634053,-0.015342919107514228
id_4bbf32a8,-0.01685783533634053,-0.015342919107514228
id_de43d968,-0.01685783533634053,-0.015342919107514228
id_04637041,-0.01685783533634053,-0.015342919107514228
id_ab0dfb77,-0.01685783533634053,-0.015342919107514228
id_2537ced9,-0.01685783533634053,-0.015342919107514228
id_5474e02c,-0.01685783533634053,-0.015342919107514228
id_18989812,-0.01685783533634053,-0.015342919107514228
id_cf73d8e6,-0.01685783533634053,-0.015342919107514228
id_f846b1d5,-0.01685783533634053,-0.015342919107514228
id_979ff797,-0.01685783533634053,-0.015342919107514228
id_5fa1074b,-0.01685783533634053,-0.015342919107514228
id_eed1fd41,-0.01685783533634053,-0.015342919107514228
id_a0421709,-0.01685783533634053,-0.015342919107514228
id_a3a3def4,-0.01685783533634053,-0.015342919107514228
id_37444ec5,-0.01685783533634053,-0.015342919107514228
id_f55da695,-0.01685783533634053,-0.015342919107514228
id_f037a559,-0.01685783533634053,-0.015342919107514228
id_5048467e,-0.01685783533634053,-0.015342919107514228
id_39ff9ce5,-0.01685783533634053,-0.015342919107514228
id_e2372826,-0.01685783533634053,-0.015342919107514228
id_03f568be,-0.01685783533634053,-0.015342919107514228
id_3075c1ce,-0.01685783533634053,-0.015342919107514228
id_97340af5,-0.01685783533634053,-0.015342919107514228
id_ba228463,-0.01685783533634053,-0.015342919107514228
id_d089f9f2,-0.01685783533634053,-0.015342919107514228
id_04bc7f21,-0.01685783533634053,-0.015342919107514228
id_315a9c57,-0.01685783533634053,-0.015342919107514228
id_48e86a22,-0.01685783533634053,-0.015342919107514228
id_38629e5c,-0.01685783533634053,-0.015342919107514228
id_92f7d45e,-0.01685783533634053,-0.015342919107514228
id_d803ac2d,-0.01685783533634053,-0.015342919107514228
id_2b933e0c,-0.01685783533634053,-0.015342919107514228
id_15f8bde2,-0.01685783533634053,-0.015342919107514228
id_d3c9fd92,-0.01685783533634053,-0.015342919107514228
id_752d0bca,-0.01685783533634053,-0.015342919107514228
id_4ca1c170,-0.01685783533634053,-0.015342919107514228
id_734e62dc,-0.01685783533634053,-0.015342919107514228
id_17aa80f9,-0.01685783533634053,-0.015342919107514228
id_16fbd565,-0.01685783533634053,-0.015342919107514228
id_b4a1d545,-0.01685783533634053,-0.015342919107514228
id_62b15003,-0.01685783533634053,-0.015342919107514228
id_fb0e1aec,-0.01685783533634053,-0.015342919107514228
id_e75a6c53,-0.01685783533634053,-0.015342919107514228
id_cd30964c,-0.01685783533634053,-0.015342919107514228
id_077c6643,-0.01685783533634053,-0.015342919107514228
id_c4d7a528,-0.01685783533634053,-0.015342919107514228
id_ff2336a6,-0.01685783533634053,-0.015342919107514228
id_752214ad,-0.01685783533634053,-0.015342919107514228
id_d50d3f24,-0.01685783533634053,-0.015342919107514228
id_c624200f,-0.01685783533634053,-0.015342919107514228
id_922a7f9a,-0.01685783533634053,-0.015342919107514228
id_fd6154ac,-0.01685783533634053,-0.015342919107514228
id_9a7da1f0,-0.01685783533634053,-0.015342919107514228
id_51c745f4,-0.01685783533634053,-0.015342919107514228
id_b73d7e84,-0.01685783533634053,-0.015342919107514228
id_710617a6,-0.01685783533634053,-0.015342919107514228
id_f516ce77,-0.01685783533634053,-0.015342919107514228
id_2ce29325,-0.01685783533634053,-0.015342919107514228
id_276fe9c5,-0.01685783533634053,-0.015342919107514228
id_eb753ba9,-0.01685783533634053,-0.015342919107514228
id_8452ca7c,-0.01685783533634053,-0.015342919107514228
id_f8b78441,-0.01685783533634053,-0.015342919107514228
id_972b3608,-0.01685783533634053,-0.015342919107514228
id_0a1a32aa,-0.01685783533634053,-0.015342919107514228
id_4f8c054b,-0.01685783533634053,-0.015342919107514228
id_a5a1299a,-0.01685783533634053,-0.015342919107514228
id_8468fb43,-0.01685783533634053,-0.015342919107514228
id_a5a8a012,-0.01685783533634053,-0.015342919107514228
id_df79740e,-0.01685783533634053,-0.015342919107514228
id_2e8036af,-0.01685783533634053,-0.015342919107514228
id_3a7f28e6,-0.01685783533634053,-0.015342919107514228
id_262c28dd,-0.01685783533634053,-0.015342919107514228
id_2b95effc,-0.01685783533634053,-0.015342919107514228
id_18df3625,-0.01685783533634053,-0.015342919107514228
id_600bf55e,-0.01685783533634053,-0.015342919107514228
id_59020c1e,-0.01685783533634053,-0.015342919107514228
id_70249a92,-0.01685783533634053,-0.015342919107514228
id_75f8eefa,-0.01685783533634053,-0.015342919107514228
id_edef6c36,-0.01685783533634053,-0.015342919107514228
id_c4277d2a,-0.01685783533634053,-0.015342919107514228
id_6b17f1a6,-0.01685783533634053,-0.015342919107514228
id_2c4be0e8,-0.01685783533634053,-0.015342919107514228
id_b9e8839c,-0.01685783533634053,-0.015342919107514228
id_cfd3e31f,-0.01685783533634053,-0.015342919107514228
id_d24bb749,-0.01685783533634053,-0.015342919107514228
id_326b32eb,-0.01685783533634053,-0.015342919107514228
id_3af8c689,-0.01685783533634053,-0.015342919107514228
id_9892553f,-0.01685783533634053,-0.015342919107514228
id_744b3d0f,-0.01685783533634053,-0.015342919107514228
id_a59ee853,-0.01685783533634053,-0.015342919107514228
id_7a78ecf2,-0.01685783533634053,-0.015342919107514228
id_4fc7b88d,-0.01685783533634053,-0.015342919107514228
id_73347533,-0.01685783533634053,-0.015342919107514228
id_ed5ba220,-0.01685783533634053,-0.015342919107514228
id_3ecd0f4c,-0.01685783533634053,-0.015342919107514228
id_8667d855,-0.01685783533634053,-0.015342919107514228
id_a477a18f,-0.01685783533634053,-0.015342919107514228
id_950acf72,-0.01685783533634053,-0.015342919107514228
id_93e1d6bc,-0.01685783533634053,-0.015342919107514228
id_356a6682,-0.01685783533634053,-0.015342919107514228
id_be96976f,-0.01685783533634053,-0.015342919107514228
id_1224425a,-0.01685783533634053,-0.015342919107514228
id_1457d2bc,-0.01685783533634053,-0.015342919107514228
id_cab02e5a,-0.01685783533634053,-0.015342919107514228
id_326ab67a,-0.01685783533634053,-0.015342919107514228
id_db1993f2,-0.01685783533634053,-0.015342919107514228
id_42815644,-0.01685783533634053,-0.015342919107514228
id_18f9cc8f,-0.01685783533634053,-0.015342919107514228
id_ba18b290,-0.01685783533634053,-0.015342919107514228
id_29f59144,-0.01685783533634053,-0.015342919107514228
id_41f122e3,-0.01685783533634053,-0.015342919107514228
id_b6489ae1,-0.01685783533634053,-0.015342919107514228
id_6e2d49ce,-0.01685783533634053,-0.015342919107514228
id_93b05a52,-0.01685783533634053,-0.015342919107514228
id_15f6d67e,-0.01685783533634053,-0.015342919107514228
id_92638204,-0.01685783533634053,-0.015342919107514228
id_f59974f3,-0.01685783533634053,-0.015342919107514228
id_1fc93923,-0.01685783533634053,-0.015342919107514228
id_daa1b267,-0.01685783533634053,-0.015342919107514228
id_908ae2b5,-0.01685783533634053,-0.015342919107514228
id_e46c1d56,-0.01685783533634053,-0.015342919107514228
id_074a6a9b,-0.01685783533634053,-0.015342919107514228
id_ef665896,-0.01685783533634053,-0.015342919107514228
id_4cac1b88,-0.01685783533634053,-0.015342919107514228
id_e64a7ccf,-0.01685783533634053,-0.015342919107514228
id_3dae93ca,-0.01685783533634053,-0.015342919107514228
id_6772cc2d,-0.01685783533634053,-0.015342919107514228
id_87f492cb,-0.01685783533634053,-0.015342919107514228
id_b61a0765,-0.01685783533634053,-0.015342919107514228
id_00a189b3,-0.01685783533634053,-0.015342919107514228
id_c7a0827c,-0.01685783533634053,-0.015342919107514228
id_75cf69ec,-0.01685783533634053,-0.015342919107514228
id_ddc1c4ab,-0.01685783533634053,-0.015342919107514228
id_d8150d80,-0.01685783533634053,-0.015342919107514228
id_1d7d563c,-0.01685783533634053,-0.015342919107514228
id_3a477709,-0.01685783533634053,-0.015342919107514228
id_d6278d28,-0.01685783533634053,-0.015342919107514228
id_65c03cd0,-0.01685783533634053,-0.015342919107514228
id_117d5550,-0.01685783533634053,-0.015342919107514228
id_9e1b2c79,-0.01685783533634053,-0.015342919107514228
id_f4522bfe,-0.01685783533634053,-0.015342919107514228
id_d03c6523,-0.01685783533634053,-0.015342919107514228
id_9c3cccc0,-0.01685783533634053,-0.015342919107514228
id_92b6ea10,-0.01685783533634053,-0.015342919107514228
id_9ed7f8a1,-0.01685783533634053,-0.015342919107514228
id_d085d781,-0.01685783533634053,-0.015342919107514228
id_5f850f08,-0.01685783533634053,-0.015342919107514228
id_d5d0ee15,-0.01685783533634053,-0.015342919107514228
id_33d437be,-0.01685783533634053,-0.015342919107514228
id_88ee5103,-0.01685783533634053,-0.015342919107514228
id_de02be33,-0.01685783533634053,-0.015342919107514228
id_35629d6c,-0.01685783533634053,-0.015342919107514228
id_e5c3301c,-0.01685783533634053,-0.015342919107514228
id_3a04a2e9,-0.01685783533634053,-0.015342919107514228
id_2d61cb5c,-0.01685783533634053,-0.015342919107514228
id_aed01d74,-0.01685783533634053,-0.015342919107514228
id_55f00919,-0.01685783533634053,-0.015342919107514228
id_dde057b2,-0.01685783533634053,-0.015342919107514228
id_da2bb763,-0.01685783533634053,-0.015342919107514228
id_a432269f,-0.01685783533634053,-0.015342919107514228
id_f3ee73e8,-0.01685783533634053,-0.015342919107514228
id_a2f1196c,-0.01685783533634053,-0.015342919107514228
id_d463dc00,-0.01685783533634053,-0.015342919107514228
id_80941e22,-0.01685783533634053,-0.015342919107514228
id_43970f84,-0.01685783533634053,-0.015342919107514228
id_7066b3ea,-0.01685783533634053,-0.015342919107514228
id_a5ce062d,-0.01685783533634053,-0.015342919107514228
id_e132dc50,-0.01685783533634053,-0.015342919107514228
id_22feb47d,-0.01685783533634053,-0.015342919107514228
id_75216645,-0.01685783533634053,-0.015342919107514228
id_21d95810,-0.01685783533634053,-0.015342919107514228
id_5acd61a8,-0.01685783533634053,-0.015342919107514228
id_a15b8c2b,-0.01685783533634053,-0.015342919107514228
id_e5b70e25,-0.01685783533634053,-0.015342919107514228
id_53db2811,-0.01685783533634053,-0.015342919107514228
id_1d73e843,-0.01685783533634053,-0.015342919107514228
id_e035c797,-0.01685783533634053,-0.015342919107514228
id_7a316132,-0.01685783533634053,-0.015342919107514228
id_5e10193b,-0.01685783533634053,-0.015342919107514228
id_086e06f0,-0.01685783533634053,-0.015342919107514228
id_909be852,-0.01685783533634053,-0.015342919107514228
id_7c7d1baf,-0.01685783533634053,-0.015342919107514228
id_332a4cad,-0.01685783533634053,-0.015342919107514228
id_2744ef2c,-0.01685783533634053,-0.015342919107514228
id_c50d01c6,-0.01685783533634053,-0.015342919107514228
id_ffd32c29,-0.01685783533634053,-0.015342919107514228
id_6dc7802b,-0.01685783533634053,-0.015342919107514228
id_a1f27167,-0.01685783533634053,-0.015342919107514228
id_70bfb826,-0.01685783533634053,-0.015342919107514228
id_2e265d65,-0.01685783533634053,-0.015342919107514228
id_5d0313f2,-0.01685783533634053,-0.015342919107514228
id_42e275ea,-0.01685783533634053,-0.015342919107514228
id_6eebc5ad,-0.01685783533634053,-0.015342919107514228
id_4d24a831,-0.01685783533634053,-0.015342919107514228
id_66080722,-0.01685783533634053,-0.015342919107514228
id_b8f22602,-0.01685783533634053,-0.015342919107514228
id_6f392b93,-0.01685783533634053,-0.015342919107514228
id_a48b40b7,-0.01685783533634053,-0.015342919107514228
id_7c325fcf,-0.01685783533634053,-0.015342919107514228
id_c91a05d0,-0.01685783533634053,-0.015342919107514228
id_83b274e9,-0.01685783533634053,-0.015342919107514228
id_a996812d,-0.01685783533634053,-0.015342919107514228
id_c4cdfd6e,-0.01685783533634053,-0.015342919107514228
id_ead1817a,-0.01685783533634053,-0.015342919107514228
id_1c0b06c2,-0.01685783533634053,-0.015342919107514228
id_cd94e124,-0.01685783533634053,-0.015342919107514228
id_1526b4ee,-0.01685783533634053,-0.015342919107514228
id_1e28e02d,-0.01685783533634053,-0.015342919107514228
id_177a503a,-0.01685783533634053,-0.015342919107514228
id_f3e80bb5,-0.01685783533634053,-0.015342919107514228
id_3a429457,-0.01685783533634053,-0.015342919107514228
id_ab33a8e5,-0.01685783533634053,-0.015342919107514228
id_4efaae19,-0.01685783533634053,-0.015342919107514228
id_b8be29c2,-0.01685783533634053,-0.015342919107514228
id_ef2d6290,-0.01685783533634053,-0.015342919107514228
id_31cb3761,-0.01685783533634053,-0.015342919107514228
id_508e4e12,-0.01685783533634053,-0.015342919107514228
id_da6cbb4a,-0.01685783533634053,-0.015342919107514228
id_0399dab7,-0.01685783533634053,-0.015342919107514228
id_228e00e3,-0.01685783533634053,-0.015342919107514228
id_3ea50857,-0.01685783533634053,-0.015342919107514228
id_81f06633,-0.01685783533634053,-0.015342919107514228
id_db9d84d9,-0.01685783533634053,-0.015342919107514228
id_81c71da8,-0.01685783533634053,-0.015342919107514228
id_55534b4a,-0.01685783533634053,-0.015342919107514228
id_a85beb9a,-0.01685783533634053,-0.015342919107514228
id_5b0aedec,-0.01685783533634053,-0.015342919107514228
id_c858e9da,-0.01685783533634053,-0.015342919107514228
id_d563326b,-0.01685783533634053,-0.015342919107514228
id_266a3968,-0.01685783533634053,-0.015342919107514228
id_e33305b0,-0.01685783533634053,-0.015342919107514228
id_16142e0e,-0.01685783533634053,-0.015342919107514228
id_30efdc5e,-0.01685783533634053,-0.015342919107514228
id_1df5c63f,-0.01685783533634053,-0.015342919107514228
id_c84bc7a4,-0.01685783533634053,-0.015342919107514228
id_f1207e3a,-0.01685783533634053,-0.015342919107514228
id_e9f5471d,-0.01685783533634053,-0.015342919107514228
id_7ce0dfbe,-0.01685783533634053,-0.015342919107514228
id_e2aa0b68,-0.01685783533634053,-0.015342919107514228
id_cd56e837,-0.01685783533634053,-0.015342919107514228
id_8ec7d513,-0.01685783533634053,-0.015342919107514228
id_fa3e9083,-0.01685783533634053,-0.015342919107514228
id_5c4611d1,-0.01685783533634053,-0.015342919107514228
id_3a6f03d8,-0.01685783533634053,-0.015342919107514228
id_ef557fc2,-0.01685783533634053,-0.015342919107514228
id_ca6e3d66,-0.01685783533634053,-0.015342919107514228
id_bddcf303,-0.01685783533634053,-0.015342919107514228
id_dafe7e4b,-0.01685783533634053,-0.015342919107514228
id_d26b2337,-0.01685783533634053,-0.015342919107514228
id_93cc91a8,-0.01685783533634053,-0.015342919107514228
id_388cee6f,-0.01685783533634053,-0.015342919107514228
id_990cb892,-0.01685783533634053,-0.015342919107514228
id_14784f31,-0.01685783533634053,-0.015342919107514228
id_281cd210,-0.01685783533634053,-0.015342919107514228
id_b9902a64,-0.01685783533634053,-0.015342919107514228
id_5c6aa850,-0.01685783533634053,-0.015342919107514228
id_21ea8311,-0.01685783533634053,-0.015342919107514228
id_e26f5d25,-0.01685783533634053,-0.015342919107514228
id_08183dd6,-0.01685783533634053,-0.015342919107514228
id_e606452e,-0.01685783533634053,-0.015342919107514228
id_ac5a6ff2,-0.01685783533634053,-0.015342919107514228
id_32bcf7b2,-0.01685783533634053,-0.015342919107514228
id_67379b96,-0.01685783533634053,-0.015342919107514228
id_96bba331,-0.01685783533634053,-0.015342919107514228
id_e8515f21,-0.01685783533634053,-0.015342919107514228
id_798a8f12,-0.01685783533634053,-0.015342919107514228
id_3bd45553,-0.01685783533634053,-0.015342919107514228
id_643f13ed,-0.01685783533634053,-0.015342919107514228
id_7bb98883,-0.01685783533634053,-0.015342919107514228
id_a6af583d,-0.01685783533634053,-0.015342919107514228
id_a0330d48,-0.01685783533634053,-0.015342919107514228
id_7d8ca019,-0.01685783533634053,-0.015342919107514228
id_b7c9154c,-0.01685783533634053,-0.015342919107514228
id_0059f2e1,-0.01685783533634053,-0.015342919107514228
id_b5f59891,-0.01685783533634053,-0.015342919107514228
id_7221627a,-0.01685783533634053,-0.015342919107514228
id_110b7fbc,-0.01685783533634053,-0.015342919107514228
id_76e3a637,-0.01685783533634053,-0.015342919107514228
id_2f108e37,-0.01685783533634053,-0.015342919107514228
id_f2d5682b,-0.01685783533634053,-0.015342919107514228
id_6f305060,-0.01685783533634053,-0.015342919107514228
id_7a439fe6,-0.01685783533634053,-0.015342919107514228
id_f9a5e785,-0.01685783533634053,-0.015342919107514228
id_80c3fe16,-0.01685783533634053,-0.015342919107514228
id_9b1a6c7a,-0.01685783533634053,-0.015342919107514228
id_166e21ab,-0.01685783533634053,-0.015342919107514228
id_8c836846,-0.01685783533634053,-0.015342919107514228
id_3d945636,-0.01685783533634053,-0.015342919107514228
id_5b423a0b,-0.01685783533634053,-0.015342919107514228
id_788e7cdd,-0.01685783533634053,-0.015342919107514228
id_dc9dbd15,-0.01685783533634053,-0.015342919107514228
id_d7c8b9c3,-0.01685783533634053,-0.015342919107514228
id_0bc73282,-0.01685783533634053,-0.015342919107514228
id_60988bdf,-0.01685783533634053,-0.015342919107514228
id_ad8c1487,-0.01685783533634053,-0.015342919107514228
id_1de8fb2c,-0.01685783533634053,-0.015342919107514228
id_7e9fa096,-0.01685783533634053,-0.015342919107514228
id_75747a32,-0.01685783533634053,-0.015342919107514228
id_61829c56,-0.01685783533634053,-0.015342919107514228
id_4ae8e27c,-0.01685783533634053,-0.015342919107514228
id_934ba90e,-0.01685783533634053,-0.015342919107514228
id_4705a691,-0.01685783533634053,-0.015342919107514228
id_8bfaf8f8,-0.01685783533634053,-0.015342919107514228
id_34f17cc2,-0.01685783533634053,-0.015342919107514228
id_8c166bc3,-0.01685783533634053,-0.015342919107514228
id_154ef319,-0.01685783533634053,-0.015342919107514228
id_0a608569,-0.01685783533634053,-0.015342919107514228
id_9e420ba9,-0.01685783533634053,-0.015342919107514228
id_b17fefd7,-0.01685783533634053,-0.015342919107514228
id_a77159b8,-0.01685783533634053,-0.015342919107514228
id_57e408ca,-0.01685783533634053,-0.015342919107514228
id_b1687153,-0.01685783533634053,-0.015342919107514228
id_238efaa6,-0.01685783533634053,-0.015342919107514228
id_0b4afc86,-0.01685783533634053,-0.015342919107514228
id_447553f3,-0.01685783533634053,-0.015342919107514228
id_dfeaab56,-0.01685783533634053,-0.015342919107514228
id_692cc81e,-0.01685783533634053,-0.015342919107514228
id_9b1bf168,-0.01685783533634053,-0.015342919107514228
id_c87909da,-0.01685783533634053,-0.015342919107514228
id_6228bcb2,-0.01685783533634053,-0.015342919107514228
id_101189e7,-0.01685783533634053,-0.015342919107514228
id_3ecb9609,-0.01685783533634053,-0.015342919107514228
id_a8580359,-0.01685783533634053,-0.015342919107514228
id_f3f7261a,-0.01685783533634053,-0.015342919107514228
id_c823b158,-0.01685783533634053,-0.015342919107514228
id_1760927c,-0.01685783533634053,-0.015342919107514228
id_deaffb63,-0.01685783533634053,-0.015342919107514228
id_be117bd7,-0.01685783533634053,-0.015342919107514228
id_95e37f4d,-0.01685783533634053,-0.015342919107514228
id_d0c7838e,-0.01685783533634053,-0.015342919107514228
id_bf830145,-0.01685783533634053,-0.015342919107514228
id_6694f161,-0.01685783533634053,-0.015342919107514228
id_44439425,-0.01685783533634053,-0.015342919107514228
id_7d8b890a,-0.01685783533634053,-0.015342919107514228
id_d504150f,-0.01685783533634053,-0.015342919107514228
id_5410bb3b,-0.01685783533634053,-0.015342919107514228
id_9fafd2e4,-0.01685783533634053,-0.015342919107514228
id_8c99de16,-0.01685783533634053,-0.015342919107514228
id_872bedd4,-0.01685783533634053,-0.015342919107514228
id_b68a45d1,-0.01685783533634053,-0.015342919107514228
id_e9a69667,-0.01685783533634053,-0.015342919107514228
id_e873a7ad,-0.01685783533634053,-0.015342919107514228
id_62ec80bd,-0.01685783533634053,-0.015342919107514228
id_07091fa3,-0.01685783533634053,-0.015342919107514228
id_a3aa0e16,-0.01685783533634053,-0.015342919107514228
id_2d348501,-0.01685783533634053,-0.015342919107514228
id_3b938808,-0.01685783533634053,-0.015342919107514228
id_f6023f8c,-0.01685783533634053,-0.015342919107514228
id_cee2dd2f,-0.01685783533634053,-0.015342919107514228
id_2b7723f6,-0.01685783533634053,-0.015342919107514228
id_1b8bb39a,-0.01685783533634053,-0.015342919107514228
id_1a9a4fe9,-0.01685783533634053,-0.015342919107514228
id_255bb4c1,-0.01685783533634053,-0.015342919107514228
id_4c057723,-0.01685783533634053,-0.015342919107514228
id_130c4fb7,-0.01685783533634053,-0.015342919107514228
id_9196e148,-0.01685783533634053,-0.015342919107514228
id_b8304804,-0.01685783533634053,-0.015342919107514228
id_66e00590,-0.01685783533634053,-0.015342919107514228
id_1ede3144,-0.01685783533634053,-0.015342919107514228
id_4085a95d,-0.01685783533634053,-0.015342919107514228
id_a9a0f2ca,-0.01685783533634053,-0.015342919107514228
id_2ec92f36,-0.01685783533634053,-0.015342919107514228
id_4758b81b,-0.01685783533634053,-0.015342919107514228
id_04d9deae,-0.01685783533634053,-0.015342919107514228
id_cf9760ef,-0.01685783533634053,-0.015342919107514228
id_2fc6331d,-0.01685783533634053,-0.015342919107514228
id_9f1f8034,-0.01685783533634053,-0.015342919107514228
id_f25688a4,-0.01685783533634053,-0.015342919107514228
id_4d1b322b,-0.01685783533634053,-0.015342919107514228
id_9a478ca1,-0.01685783533634053,-0.015342919107514228
id_49f18d70,-0.01685783533634053,-0.015342919107514228
id_9c2240a6,-0.01685783533634053,-0.015342919107514228
id_f02e6996,-0.01685783533634053,-0.015342919107514228
id_70bb2d79,-0.01685783533634053,-0.015342919107514228
id_72337793,-0.01685783533634053,-0.015342919107514228
id_5eef2d63,-0.01685783533634053,-0.015342919107514228
id_4ffaa7e8,-0.01685783533634053,-0.015342919107514228
id_2ff4148f,-0.01685783533634053,-0.015342919107514228
id_d17ac217,-0.01685783533634053,-0.015342919107514228
id_07455618,-0.01685783533634053,-0.015342919107514228
id_f8177da3,-0.01685783533634053,-0.015342919107514228
id_78293479,-0.01685783533634053,-0.015342919107514228
id_bea9963f,-0.01685783533634053,-0.015342919107514228
id_ed48e907,-0.01685783533634053,-0.015342919107514228
id_2ff6873f,-0.01685783533634053,-0.015342919107514228
id_7672467e,-0.01685783533634053,-0.015342919107514228
id_d0a260f1,-0.01685783533634053,-0.015342919107514228
id_31a31492,-0.01685783533634053,-0.015342919107514228
id_fca10667,-0.01685783533634053,-0.015342919107514228
id_9abe9b65,-0.01685783533634053,-0.015342919107514228
id_b9e6df30,-0.01685783533634053,-0.015342919107514228
id_adf9e493,-0.01685783533634053,-0.015342919107514228
id_d6477525,-0.01685783533634053,-0.015342919107514228
id_c8ebc7a5,-0.01685783533634053,-0.015342919107514228
id_ed1b9f4e,-0.01685783533634053,-0.015342919107514228
id_5e2c0248,-0.01685783533634053,-0.015342919107514228
id_268e858e,-0.01685783533634053,-0.015342919107514228
id_366bde87,-0.01685783533634053,-0.015342919107514228
id_fad7ff96,-0.01685783533634053,-0.015342919107514228
id_f100378a,-0.01685783533634053,-0.015342919107514228
id_1186a450,-0.01685783533634053,-0.015342919107514228
id_1de2e572,-0.01685783533634053,-0.015342919107514228
id_b24dcbbe,-0.01685783533634053,-0.015342919107514228
id_9a58f64b,-0.01685783533634053,-0.015342919107514228
id_77d283f1,-0.01685783533634053,-0.015342919107514228
id_de00a86d,-0.01685783533634053,-0.015342919107514228
id_26050950,-0.01685783533634053,-0.015342919107514228
id_e284399c,-0.01685783533634053,-0.015342919107514228
id_afb29e87,-0.01685783533634053,-0.015342919107514228
id_fb8ad08c,-0.01685783533634053,-0.015342919107514228
id_7360daa7,-0.01685783533634053,-0.015342919107514228
id_ec597eb3,-0.01685783533634053,-0.015342919107514228
id_16ed9776,-0.01685783533634053,-0.015342919107514228
id_385e7d2f,-0.01685783533634053,-0.015342919107514228
id_dee9f077,-0.01685783533634053,-0.015342919107514228
id_cc28788f,-0.01685783533634053,-0.015342919107514228
id_190ea075,-0.01685783533634053,-0.015342919107514228
id_d4688e91,-0.01685783533634053,-0.015342919107514228
id_811f7d0b,-0.01685783533634053,-0.015342919107514228
id_a3eb98c9,-0.01685783533634053,-0.015342919107514228
id_f89f4eb1,-0.01685783533634053,-0.015342919107514228
id_208a9465,-0.01685783533634053,-0.015342919107514228
id_115b83e0,-0.01685783533634053,-0.015342919107514228
id_fac33683,-0.01685783533634053,-0.015342919107514228
id_d85a70cf,-0.01685783533634053,-0.015342919107514228
id_7bf108d1,-0.01685783533634053,-0.015342919107514228
id_6a53d656,-0.01685783533634053,-0.015342919107514228
id_a8c9d58a,-0.01685783533634053,-0.015342919107514228
id_a5b550df,-0.01685783533634053,-0.015342919107514228
id_08b22989,-0.01685783533634053,-0.015342919107514228
id_d07db7fc,-0.01685783533634053,-0.015342919107514228
id_a51c14d5,-0.01685783533634053,-0.015342919107514228
id_24920691,-0.01685783533634053,-0.015342919107514228
id_418e7e62,-0.01685783533634053,-0.015342919107514228
id_7fd0cf1d,-0.01685783533634053,-0.015342919107514228
id_a137785d,-0.01685783533634053,-0.015342919107514228
id_fbc10ed9,-0.01685783533634053,-0.015342919107514228
id_16d8ea34,-0.01685783533634053,-0.015342919107514228
id_c0e7aae0,-0.01685783533634053,-0.015342919107514228
id_1c887d1d,-0.01685783533634053,-0.015342919107514228
id_5ce59e4c,-0.01685783533634053,-0.015342919107514228
id_a6dfe2ce,-0.01685783533634053,-0.015342919107514228
id_8973bbc9,-0.01685783533634053,-0.015342919107514228
id_53da283a,-0.01685783533634053,-0.015342919107514228
id_a3bbe23b,-0.01685783533634053,-0.015342919107514228
id_291c20f6,-0.01685783533634053,-0.015342919107514228
id_7e909147,-0.01685783533634053,-0.015342919107514228
id_a1cea1c4,-0.01685783533634053,-0.015342919107514228
id_42c5a81b,-0.01685783533634053,-0.015342919107514228
id_e9e61de1,-0.01685783533634053,-0.015342919107514228
id_9eac93cf,-0.01685783533634053,-0.015342919107514228
id_5ac0f19e,-0.01685783533634053,-0.015342919107514228
id_fb26360c,-0.01685783533634053,-0.015342919107514228
id_962beb88,-0.01685783533634053,-0.015342919107514228
id_6dc458ef,-0.01685783533634053,-0.015342919107514228
id_027bd0f6,-0.01685783533634053,-0.015342919107514228
id_225654d7,-0.01685783533634053,-0.015342919107514228
id_9028f813,-0.01685783533634053,-0.015342919107514228
id_05eab2b7,-0.01685783533634053,-0.015342919107514228
id_3da4cb37,-0.01685783533634053,-0.015342919107514228
id_1275c09b,-0.01685783533634053,-0.015342919107514228
id_6486e30d,-0.01685783533634053,-0.015342919107514228
id_fcd3944b,-0.01685783533634053,-0.015342919107514228
id_bb25445e,-0.01685783533634053,-0.015342919107514228
id_a04b9ae5,-0.01685783533634053,-0.015342919107514228
id_faed378c,-0.01685783533634053,-0.015342919107514228
id_08d14696,-0.01685783533634053,-0.015342919107514228
id_29ab1821,-0.01685783533634053,-0.015342919107514228
id_fd0720f3,-0.01685783533634053,-0.015342919107514228
id_36ec7a7b,-0.01685783533634053,-0.015342919107514228
id_70f3d8f7,-0.01685783533634053,-0.015342919107514228
id_2b7f2b96,-0.01685783533634053,-0.015342919107514228
id_498f3db0,-0.01685783533634053,-0.015342919107514228
id_fe2a6c59,-0.01685783533634053,-0.015342919107514228
